INSERT INTO User VALUES
    ('123456789011', 'Anushka', 'Fernando', '123 Galle Rd', 'anushka@a.lk', 'Female', '1990-01-15'), 
    ('123456789012', 'Kamal', 'Perera', '456 Colombo St', 'kamal@my.lk', 'Male', '1988-02-20'),
    ('123456789013', 'Dilshan', 'Gunawardena', '789 Kandy Rd', 'dilshan@my.lk', 'Male', '1992-03-10'),
    ('123456789014', 'Saman', 'Rajapaksha', '135 Negombo St', 'saman@my.lk', 'Female', '1991-04-25'),
    ('123456789015', 'Tharindu', 'Jayasinghe', '246 Matara Rd', 'tharindu@my.lk', 'Male', '1989-05-30'),
    ('123456789016', 'Nimesha', 'Dissanayake', '357 Jaffna St', 'nimesha@my.lk', 'Female', '1993-06-18'),
    ('123456789017', 'Pradeep', 'Silva', '468 Batticaloa Rd', 'pradeep@my.lk', 'Male', '1994-07-22'),
    ('123456789018', 'Shanika', 'Weerasinghe', '579 Trincomalee Rd', 'shanika@my.lk', 'Female', '1995-08-12'),
    ('12345678901V', 'Ian', 'Ariyadasa', '680 Kegalle St', 'ian@my.lk', 'Male', '1987-09-05'),
    ('123456789020', 'Shalini', 'Samaranayake', '791 Kurunegala St', 'shalini@my.lk', 'Female', '1986-10-15'),
    ('123456789021', 'Kanishka', 'Buddhika', '902 Galle St', 'kanishka@my.lk', 'Male', '1992-11-20'),
    ('123456789022', 'Liam', 'Jayawardena', '113 Puttalam Rd', 'liam@my.lk', 'Male', '1993-12-05'),
    ('123456789023', 'Mia', 'Kumara', '224 Matale St', 'mia@my.lk', 'Female', '1991-01-30'),
    ('123456789024', 'Noah', 'Fernando', '335 Ratnapura St', 'noah@my.lk', 'Male', '1994-02-25'),
    ('123456789025', 'Olivia', 'Samarasinghe', '446 Badulla St', 'olivia@my.lk', 'Female', '1990-03-15'),
    ('12345678902V', 'Paul', 'Wijesekera', '557 Gampaha Rd', 'paul@my.lk', 'Male', '1988-04-10'),
    ('123456789027', 'Quinn', 'Perera', '668 Anuradhapura St', 'quinn@my.lk', 'Female', '1992-05-20'),
    ('123456789028', 'Riley', 'Rathnayake', '779 Polonnaruwa Rd', 'riley@my.lk', 'Female', '1995-06-30'),
    ('123456789029', 'Sam', 'Hewage', '880 Kandy Rd', 'sam@my.lk', 'Male', '1989-07-15'),
    ('12345678903V', 'Tina', 'Narangoda', '991 Nuwara Eliya Rd', 'tina@my.lk', 'Female', '1991-08-18'),

    ('12345678111V', 'Ursula', 'De Silva', '112 Hikkaduwa Rd', 'ursula@my.lk', 'Female', '1994-09-22'), 
    ('12345678112V', 'Victor', 'Banda', '223 Ambalangoda Rd', 'victor@my.lk', 'Male', '1993-10-10'),
    ('12345678113V', 'Wendy', 'Karunaratne', '334 Weligama Rd', 'wendy@my.lk', 'Female', '1987-11-02'),
    ('12345678114V', 'Xander', 'Kumarasinghe', '445 Beruwala Rd', 'xander@my.lk', 'Male', '1992-12-05'),
    ('12345678115V', 'Yara', 'Dissanayake', '556 Colombo 7', 'yara@my.lk', 'Female', '1990-01-14'),
    ('12345678116V', 'Zach', 'Wijeratne', '667 Nugegoda Rd', 'zach@my.lk', 'Male', '1989-02-28'),
    ('12345678117V', 'Ava', 'Fernando', '778 Colombo 10', 'ava@my.lk', 'Female', '1994-03-21'),
    ('12345678118V', 'Brian', 'De Alwis', '889 Moratuwa Rd', 'brian@my.lk', 'Male', '1988-04-16'),
    ('12345678119V', 'Clara', 'Liyanage', '990 Gampaha 11', 'clara@my.lk', 'Female', '1992-05-30'),
    ('12345678101V', 'Daniel', 'Jayaratne', '101 Negombo 12', 'daniel@my.lk', 'Male', '1991-06-14'),

    ('12345678910A', 'Eva', 'Perera', '212 Trincomalee 13', 'eva@my.lk', 'Female', '1995-07-10'), 

    ('123456789V', 'Felix', 'Seneviratne', '323 Kandy 14', 'felix@my.lk', 'Male', '1990-08-22'), 
    ('987654321X', 'Gina', 'Rajapakse', '434 Matara 15', 'gina@my.lk', 'Female', '1987-09-30'),
    ('456123789V', 'Henry', 'Kumar', '545 Batticaloa 16', 'henry@my.lk', 'Male', '1992-10-05'),
    ('789321456V', 'Isla', 'Dissanayake', '656 Jaffna 17', 'isla@my.lk', 'Female', '1993-11-18'),
    ('159753486X', 'Jack', 'Fernando', '767 Kegalle 18', 'jack@my.lk', 'Male', '1989-12-25'),

    ('2345678902V', 'Kira', 'Muthumala', '878 Galle 19', 'kira@my.lk', 'Female', '1991-01-02'); 

INSERT INTO Dean VALUES
    ("DE1","2345678902V");

INSERT INTO Technical_officer VALUES
   ('TO001', '123456789V', 'Medical Administrator'),
   ('TO002', '987654321X', 'Attendence Administrator'),
   ('TO003', '456123789V', 'Technical Support'),
   ('TO004', '789321456V', 'System Administrator'),
   ('TO005', '159753486X', 'Security Analyst');

INSERT Admin VALUES
    ('12345678910A','A1','Administrator');

INSERT INTO Department VALUES
    ("D001"," Department of Information & Communication Technology","DE1","A1"),
    ("D002"," Department of Engineering Technology","DE1","A1"),
    ("D003","Department of Biosystems Technology","DE1","A1"),
    ("D004","Department of Multidisciplinary Studies","DE1","A1");

INSERT INTO User_contact VALUES
    ('123456789011', '0724567890'),
    ('123456789012', '0785678901'),
    ('123456789013', '0716789012'),
    ('123456789014', '0717890123'),
    ('123456789015', '0728901234'),
    ('123456789016', '0789012345'),
    ('123456789017', '0710123456'),
    ('123456789018', '0711234567'),
    ('12345678901V', '0712345678'),
    ('123456789020', '0713456789'),
    ('123456789021', '0714567890'),
    ('123456789022', '0715678901'),
    ('123456789023', '0746789012'),
    ('123456789024', '0787890123'),
    ('123456789025', '0728901234'),
    ('12345678902V', '0789012345'),
    ('123456789027', '0710123456'),
    ('123456789028', '0711234567'),
    ('123456789029', '0712345678'),
    ('12345678903V', '0783456789'),
    ('12345678111V', '0754567890'),
    ('12345678112V', '0715678901'),
    ('12345678113V', '0726789012'),
    ('12345678114V', '0787890123'),
    ('12345678115V', '0728901234'),
    ('12345678116V', '0729012345'),
    ('12345678117V', '0710123456'),
    ('12345678118V', '0781234567'),
    ('12345678119V', '0722345678'),
    ('12345678101V', '0723456789'),
    ('12345678910A', '0714567890'),
    ('123456789V', '0715678901'),
    ('987654321X', '0716789012'),
    ('456123789V', '0787890123'),
    ('789321456V', '0788901234'),
    ('159753486X', '0729012345'),
    ('2345678902V', '0720123456');

INSERT INTO Student VALUES
    ('TG-001', '123456789011', 'Active', 'D001'),
    ('TG-002', '123456789012', 'Active', 'D001'),
    ('TG-003', '123456789013', 'Active', 'D001'),
    ('TG-004', '123456789014', 'Active', 'D001'),
    ('TG-005', '123456789015', 'Active', 'D002'),
    ('TG-006', '123456789016', 'Active', 'D003'),
    ('TG-007', '123456789017', 'Active', 'D003'),
    ('TG-008', '123456789018', 'suspended','D001'),
    ('TG-009', '12345678901V', 'Active', 'D001'),
    ('TG-010', '123456789020', 'suspended', 'D001'),
    ('TG-011', '123456789021', 'Active', 'D003'),
    ('TG-012', '123456789022', 'Active', 'D003'),
    ('TG-013', '123456789023', 'Active', 'D003'),
    ('TG-014', '123456789024', 'Active', 'D001'),
    ('TG-015', '123456789025', 'Active', 'D001'),
    ('TG-016', '12345678902V', 'Active', 'D001'),
    ('TG-017', '123456789027', 'suspended', 'D002'),
    ('TG-018', '123456789028', 'suspended', 'D002'),
    ('TG-019', '123456789029', 'Active', 'D002'),
    ('TG-020', '12345678903V', 'Active', 'D002');

INSERT INTO Lecture VALUES
    ('LC01', '12345678111V', 'Lecture', 'D001'),  
    ('LC02', '12345678112V', 'professor', 'D001'), 
    ('LC03', '12345678113V', 'Lecture', 'D001'), 
    ('LC04', '12345678114V', 'professor', 'D001'), 
    ('LC05', '12345678115V', 'Lecture', 'D001'), 
    ('LC06', '12345678116V', 'Assistant Lecturer', 'D002'),
    ('LC07', '12345678117V', 'Lecture', 'D004'), 
    ('LC08', '12345678118V', 'Lecture', 'D004'), 
    ('LC09', '12345678119V', 'Senior Lecturer', 'D004'), 
    ('LC10', '12345678101V', 'Lecturer', 'D003'); 

INSERT INTO Course VALUES
    ('ICT1233', 'Server Side Web Development', 3, 45, 'GPA', 'D001'),
    ('ICT1213', 'Descrete Mathamatics', 3, 60, 'GPA', 'D001'),
    ('ICT1253', 'Computer Networkig', 3, 45, 'GPA', 'D001'),
    ('ICT1242', 'Computer Architecher', 2, 45, 'GPA', 'D001'),
    ('ICT1212', 'DBMS', 2, 45, 'GPA', 'D001'),
    ('ICT1222', 'DBMS practicum', 2, 45, 'GPA', 'D001'),

    ('TMS2022', 'Physics', 4, 60, 'GPA', 'D002'),
    ('TMS4302', 'Calculus', 3, 45, 'GPA', 'D002'),
    ('TMS6301', 'Wrokshop', 3, 45, 'GPA', 'D002'),
    ('TMS6302', 'Electricity and Magnatisam', 3, 45, 'GPA', 'D002'),
    ('TMS7302', 'Activeties Of Matters', 3, 45, 'GPA', 'D002'),

    ('BST4024', 'Fisheries', 3, 45, 'GPA', 'D003'),
    ('BST3021', 'Micro Biology', 3, 45, 'GPA', 'D003'),
    ('BST2343', 'Genetics', 3, 45, 'GPA', 'D003'),
    ('BST2331', 'Electronic', 3, 45, 'GPA', 'D003'),

    ('TCS1212', 'Fundamentals of Management',2,'45','GPA','D004'),
    ('ENG1212', 'English', 2, 45, 'Non GPA', 'D004');

INSERT Medical VALUES
    ('MD001','sick','2024-08-05','2024-08-06','TG-004','TO001'),
    ('MD002','sick','2024-08-05','2024-08-05','TG-015','TO001'),
    ('MD003','sick','2024-08-05','2024-08-07','TG-011','TO001'),
    ('MD004','sick','2024-08-07','2024-08-14','TG-005','TO001'),
    ('MD005','sick','2024-08-15','2024-08-16','TG-014','TO001'),
    ('MD006','sick','2024-08-16','2024-08-22','TG-016','TO001'),
    ('MD007','sick','2024-08-22','2024-08-27','TG-011','TO001'),
    ('MD008','sick','2024-08-28','2024-08-30','TG-002','TO001'),
    ('MD009','sick','2024-08-30','2024-08-30','TG-007','TO001'),
    ('MD010','sick','2024-08-30','2024-08-30','TG-019','TO001');

INSERT Mark VALUES
    ('M01', NUll, 62, 48, 79, 67, 82, 44, 91, 'TG-001', 'ICT1233'),
    ('M02', 61, 78, 40, 85, 74, 90, 39, 92, 'TG-001', 'ICT1213'),
    ('M03', 71, 65, 49, 80, 66, 84, 36, 89, 'TG-001', 'ICT1253'),
    ('M04', NULL, 76, 38, 87, 64, 89, 33, 88, 'TG-001', 'ICT1242'),
    ('M05', 69, 73, 43, 84, 70, 87, NUll, 85, 'TG-001', 'ICT1212'),
    ('M06', 63, 72, 37, 81, 72, 81, 40, 90, 'TG-001', 'ICT1222'),
    ('M07', 64, 79, 35, 78, 73, 86, 32, 87, 'TG-001', 'TCS1212'),
    ('M10', 66, 77, 42, 83, 69, 88, 41, NUll, 'TG-001', 'ENG1212'),

     ('M11', 72, 82, 91, 83, 30, 48, 95, 61, 'TG-002', 'ICT1233'),
    ('M12', 74, 89, 92, 85, 34, 46, 93, 63, 'TG-002', 'ICT1213'),
    ('M13', 76, NULL, 94, 84, 36, 45, 92, 60, 'TG-002', 'ICT1253'),
    ('M14', 73, 81, 93, 82, 31, 42, 96, NULL, 'TG-002', 'ICT1242'),
    ('M15', 75, 83, 90, 86, 33, 47, 91, 62, 'TG-002', 'ICT1212'),
    ('M16', 77, 87, 95, 81, 37, 43, 94, 66, 'TG-002', 'ICT1222'),
    ('M17', 71, 84, 89, 80, 35, 49, 90, 64, 'TG-002', 'TCS1212'),
    ('M18', NULL, 88, 97, 87, 38, 41, 98, 68, 'TG-002', 'ENG1212'),

     ('M19', NULL, 75, 95, 68, 46, 52, 33, 90, 'TG-003', 'ICT1233'),
    ('M20', 40, 78, 97, 69, 49, 50, 36, 93, 'TG-003', 'ICT1213'),
    ('M21', 43, 76, 98, 71, 47, 51, 34, 94, 'TG-003', 'ICT1253'),
    ('M22', 41, 74, 96, 67, 48, 48, 37, 91, 'TG-003', 'ICT1242'),
    ('M23', 44, 80, 99, 72, NULL, 47, 39, 92, 'TG-003', 'ICT1212'),
    ('M24', 45, 79, 95, 70, 50, 49, 38, 95, 'TG-003', 'ICT1222'),
    ('M25', 42, 76, 94, 69, 45, 51, 35, 90, 'TG-003', 'TCS1212'),
    ('M26', 39, 81, 97, 70, 48, 50, 34, 91, 'TG-003', 'ENG1212'),


    ('M27', 40, 88, 60, 45, 62, 68, 63, 81, 'TG-004', 'ICT1233'),
    ('M28', 36, 90, 59, 49, 61, 67, 60, 85, 'TG-004', 'ICT1213'),
    ('M29', 37, 87, 55, 48, 64, 70, 62, 82, 'TG-004', 'ICT1253'),
    ('M30', 39, 86, NULL, 50, 63, 69, 64, 80, 'TG-004', 'ICT1242'),
    ('M31', 41, 90, 58, 46, 65, 71, 65, 83, 'TG-004', 'ICT1212'),
    ('M32', 38, 85, 56, 47, 60, 70, 66, 84, 'TG-004', 'ICT1222'),
    ('M33', 36, 89, 57, 44, 62, 66, 60, 86, 'TG-004', 'TCS1212'),
    ('M34', 39, 88, 55, 45, 61, 69, 62, NULL, 'TG-004', 'ENG1212'),
    
     ('M35', 60, 72, 42, 47, 91, 80, 76, 68, 'TG-005', 'TMS2022'),
    ('M36', 57, 71, 39, 44, 93, 79, 75, 72, 'TG-005', 'TMS4302'),
    ('M37', 59, 69, 41, 46, 90, 82, 77, 71, 'TG-005', 'TMS6301'),
    ('M38', 61, 73, 43, 48, 92, 78, 79, 69, 'TG-005', 'TMS6302'),
    ('M39', 58, 70, 40, 50, 89, 81, 74, 73, 'TG-005', 'TMS7302'),
    ('M40', 62, 74, 45, 49, 91, 83, 76, 67, 'TG-005', 'TCS1212'),
    ('M41', 56, 68, 38, 43, 94, 80, 78, 75, 'TG-005', 'ENG1212'),


     ('M42', 82, 86, 54, 68, 77, 93, 38, 53, 'TG-006', 'BST4024'),
    ('M43', 79, 83, 50, 65, 76, 90, 40, 52, 'TG-006', 'BST3021'),
    ('M44', 81, 85, 53, 67, 74, 89, 41, 50, 'TG-006', 'BST2343'),
    ('M45', 78, 82, 51, 64, 73, 88, 37, 54, 'TG-006', 'BST2331'),
    ('M46', 83, 87, 55, 69, 78, 92, 39, 55, 'TG-006', 'TCS1212'),
    ('M47', 77, 81, 49, 63, 72, 86, 42, 48, 'TG-006', 'ENG1212'),



     ('M48', 34, 95, 91, 75, 69, 85, 95, 82, 'TG-007', 'BST4024'),
    ('M49', 30, 98, 92, 76, 70, 86, 96, 80, 'TG-007', 'BST3021'),
    ('M50', 33, 97, 94, 78, 67, 88, 94, 83, 'TG-007', 'BST2343'),
    ('M51', 31, 96, 90, 74, 68, 89, 93, 81, 'TG-007', 'BST2331'),
    ('M52', 35, 100, 95, 79, 66, 87, 98, 85, 'TG-007', 'TCS1212'),
    ('M53', 29, 99, 92, 73, 71, 84, 97, 78, 'TG-007', 'ENG1212'),


     ('M54', NULL, NUll, NUll, NULl, NULl, NULL, NULL, NULL,'TG-008', 'ICT1233'),
     ('M55', NULL, NUll, NUll, NULl, NULl, NULL, NULL, NULL,'TG-008', 'ICT1213'),
     ('M56', NULL, NUll, NUll, NULl, NULl, NULL, NULL, NULL,'TG-008', 'ICT1253'),
     ('M57', NULL, NUll, NUll, NULl, NULl, NULL, NULL, NULL,'TG-008', 'ICT1242'),
     ('M58', NULL, NUll, NUll, NULl, NULl, NULL, NULL, NULL,'TG-008', 'ICT1212'),
     ('M59', NULL, NUll, NUll, NULl, NULl, NULL, NULL, NULL,'TG-008', 'ICT1222'),
     ('M60', NULL, NUll, NUll, NULl, NULl, NULL, NULL, NULL,'TG-008', 'TCS1212'),
     ('M61', NULL, NUll, NUll, NULl, NULl, NULL, NULL, NULL,'TG-008', 'ENG1212'),

     ('M62', 45, 38, 52, 61, 42, 58, 55, 48, 'TG-009', 'ICT1233'),
    ('M63', 37, 36, 49, 57, 44, 60, 53, 50, 'TG-009', 'ICT1213'),
    ('M64', 40, 35, 46, 54, 43, 61, 51, 49, 'TG-009', 'ICT1253'),
    ('M665', 39, 34, 44, 55, 41, 59, 54, 52, 'TG-009', 'ICT1242'),
    ('M66', 36, 33, 47, 56, 40, 62, 54, 52, 'TG-009', 'ICT1212'),
    ('M67', 38, 30, 43, 56, 40, 62, 54, 52, 'TG-009', 'ICT1222'),
    ('M68', 42, 32, 50, 60, 41, 63, 56, 55, 'TG-009', 'TCS1212'),
    ('M69', 44, 31, 48, 58, 39, 64, 57, 53, 'TG-009', 'ENG1212'),

    
     ('M70', NULL, NUll, NUll, NULl, NULl, NULL, NULL, NULL,'TG-010', 'ICT1233'),
     ('M71', NULL, NUll, NUll, NULl, NULl, NULL, NULL, NULL,'TG-010', 'ICT1213'),
     ('M72', NULL, NUll, NUll, NULl, NULl, NULL, NULL, NULL,'TG-010', 'ICT1253'),
     ('M73', NULL, NUll, NUll, NULl, NULl, NULL, NULL, NULL,'TG-010', 'ICT1242'),
     ('M74', NULL, NUll, NUll, NULl, NULl, NULL, NULL, NULL,'TG-010', 'ICT1212'),
     ('M75', NULL, NUll, NUll, NULl, NULl, NULL, NULL, NULL,'TG-010', 'ICT1222'),
     ('M76', NULL, NUll, NUll, NULl, NULl, NULL, NULL, NULL,'TG-010', 'TCS1212'),
     ('M77', NULL, NUll, NUll, NULl, NULl, NULL, NULL, NULL,'TG-010', 'ENG1212'),

     ('M78', 85, 41, 76, 32, 70, 48, 93, 51, 'TG-011', 'BST4024'),
    ('M79', 90, 45, 82, 37, 68, 53, 97, 56, 'TG-011', 'BST3021'),
    ('M80', 84, 44, 78, 30, 65, 49, 92, 55, 'TG-011', 'BST2343'),
    ('M81', 87, 42, 75, 34, 67, 52, 94, 58, 'TG-011', 'BST2331'),
    ('M82', 89, 47, 80, 36, 71, 50, 96, 53, 'TG-011', 'TCS1212'),
    ('M83', 86, 46, 81, 39, 69, 51, 95, 57, 'TG-011', 'ENG1212'),


     ('M84', 47, 61, 62, 72, 84, 66, 30, 55, 'TG-012', 'BST4024'),
    ('M85', 43, 58, 57, 68, 88, 64, 31, 56, 'TG-012', 'BST3021'),
    ('M86', 45, 60, 60, 70, 85, 63, 32, 58, 'TG-012', 'BST2343'),
    ('M87', 46, 62, 61, 73, 82, 67, 35, 59, 'TG-012', 'BST2331'),
    ('M88', 42, 57, 58, 67, 89, 68, 34, 54, 'TG-012', 'TCS1212'),
    ('M89', 49, 64, 63, 75, 81, 69, 36, 60, 'TG-012', 'ENG1212'),

    ('M90', 82, 50, 88, 58, 42, 93, 75, NULL, 'TG-013', 'BST4024'),
    ('M91', 85, 47, 91, 57, 45, 92, 72, 99, 'TG-013', 'BST3021'),
    ('M92', 84, 49, 89, 55, 44, 95, 74, 98, 'TG-013', 'BST2343'),
    ('M93', 81, 46, 87, 59, 41, 91, 70, 100, 'TG-013', 'BST2331'),
    ('M94', 83, 48, 90, 56, 43, 92, NULL, 97, 'TG-013', 'TCS1212'),
    ('M95', 80, 50, 86, 60, 46, 90, 73, 95, 'TG-013', 'ENG1212'),

    ('M96', 95, 80, 50, 70, 68, 97, 91, 30, 'TG-014', 'ICT1233'),
    ('M97', 96, 78, 48, 73, 65, 99, 90, 32, 'TG-014', 'ICT1213'),
    ('M98', 97, 75, 51, 71, 67, 95, 92, 34, 'TG-014', 'ICT1253'),
    ('M99', 94, 76, 52, 74, 66, 98, 89, 31, 'TG-014', 'ICT1242'),
    ('M100', 92, 79, 50, 75, 70, 96, 88, 29, 'TG-014', 'ICT1212'),
    ('M101', 93, 77, 49, 72, 69, 100, 93, 35, 'TG-014', 'ICT1222'),
    ('M102', 91, 74, 53, 70, 68, 94, 87, 36, 'TG-014', 'TCS1212'),
    ('M103', 99, 81, 47, 71, 65, 98, 90, 28, 'TG-014', 'ENG1212'),

    ('M104', 29, 35, 91, 37, 97, 42, 36, 51, 'TG-015', 'ICT1233'),
    ('M105', 32, 33, 90, 36, 99, 40, 35, 52, 'TG-015', 'ICT1213'),
    ('M106', 30, 36, 93, 35, 96, 43, 33, 49, 'TG-015', 'ICT1253'),
    ('M107', 33, 34, 92, 38, 95, 41, 34, 50, 'TG-015', 'ICT1242'),
    ('M108', 31, 34, 92, 36, 98, 41, 35, 50, 'TG-015', 'ICT1212'),
    ('M109', 30, 34, 92, 36, 98, 40, 34, 50, 'TG-015', 'ICT1222'),
    ('M110', 31, 36, 91, 36, 97, 41, 34, 51, 'TG-015', 'TCS1212'),
    ('M111', 30, 34, 92, 37, 98, 42, 35, 50, 'TG-015', 'ENG1212'),

    ('M112', 55, 46, 52, 47, 38, 51, 33, 47, 'TG-016', 'ICT1233'),
    ('M113', 53, 44, 50, 49, 36, 49, 31, 45, 'TG-016', 'ICT1213'),
    ('M114', 54, 45, 51, 48, 37, 50, 32, 46, 'TG-016', 'ICT1253'),
    ('M115', 56, 48, 53, 50, 39, 52, 34, 48, 'TG-016', 'ICT1242'),
    ('M116', 55, 45, 50, 47, 38, 50, 32, 46, 'TG-016', 'ICT1212'),
    ('M117', 54, 46, 51, 48, 37, 50, 32, 46, 'TG-016', 'ICT1222'),
    ('M118', 54, 45, 51, 48, 37, 50, 32, 45, 'TG-016', 'TCS1212'),
    ('M119', 53, 45, 51, 48, 37, 50, 32, 46, 'TG-016', 'ENG1212'),

    ('M120', NULL, NULL, NULL, NULL, NULL, NULL, NULL, NULL, 'TG-017', 'TMS2022'),
    ('M121', NULL, NULL, NULL, NULL, NULL, NULL, NULL, NULL, 'TG-017', 'TMS4302'),
    ('M122', NULL, NULL, NULL, NULL, NULL, NULL, NULL, NULL, 'TG-017', 'TMS6301'),
    ('M123', NULL, NULL, NULL, NULL, NULL, NULL, NULL, NULL, 'TG-017', 'TMS6302'),
    ('M124', NULL, NULL, NULL, NULL, NULL, NULL, NULL, NULL, 'TG-017', 'TMS7302'),
    ('M125', NULL, NULL, NULL, NULL, NULL, NULL, NULL, NULL, 'TG-017', 'TCS1212'),
    ('M126', NULL, NULL, NULL, NULL, NULL, NULL, NULL, NULL, 'TG-017', 'ENG1212'),

    ('M127', NULL, NULL, NULL, NULL, NULL, NULL, NULL, NULL, 'TG-018', 'TMS2022'),
    ('M128', NULL, NULL, NULL, NULL, NULL, NULL, NULL, NULL, 'TG-018', 'TMS4302'),
    ('M129', NULL, NULL, NULL, NULL, NULL, NULL, NULL, NULL, 'TG-018', 'TMS6301'),
    ('M130', NULL, NULL, NULL, NULL, NULL, NULL, NULL, NULL, 'TG-018', 'TMS6302'),
    ('M131', NULL, NULL, NULL, NULL, NULL, NULL, NULL, NULL, 'TG-018', 'TMS7302'),
    ('M132', NULL, NULL, NULL, NULL, NULL, NULL, NULL, NULL, 'TG-018', 'TCS1212'),
    ('M133', NULL, NULL, NULL, NULL, NULL, NULL, NULL, NULL, 'TG-018', 'ENG1212'),

    ('M134', 61, 76, 45, 72, 80, 45, 69, 34, 'TG-019', 'TMS2022'),
    ('M135', 59, 74, 43, 70, 78, 43, 67, 32, 'TG-019', 'TMS4302'),
    ('M136', 60, 75, 44, 71, 79, 44, 68, 33, 'TG-019', 'TMS6301'),
    ('M137', 62, 77, 46, 73, 81, 46, 70, 35, 'TG-019', 'TMS6302'),
    ('M138', 58, 74, 43, 69, 77, 43, 67, 31, 'TG-019', 'TMS7302'),
    ('M139', 60, 75, 44, 71, 79, 44, 68, 33, 'TG-019', 'TCS1212'),
    ('M140', 59, 76, 43, 70, 78, 43, 67, 32, 'TG-019', 'ENG1212'),

    ('M141', 48, 53, 90, 98, 99, 89, 66, 34, 'TG-020', 'TMS2022'),
    ('M142', 47, 52, 89, 99, 98, 88, 65, 33, 'TG-020', 'TMS4302'),
    ('M143', 47, 52, 89, 99, 98, 88, 65, 33, 'TG-020', 'TMS6301'),
    ('M144', 47, 52, 89, 99, 98, NULL, 65, 33, 'TG-020', 'TMS6302'),
    ('M145', 49, 54, 91, 99, 98, 88, 65, 34, 'TG-020', 'TMS7302'),
    ('M146', 47, 52, 89, 99, 98, 88, 65, 33, 'TG-020', 'TCS1212'),
    ('M147', 47, 52, 89, 99, 98, 88, 66, NULL, 'TG-020', 'ENG1212');

INSERT Student_Course VALUES  
    ('TG-001','ICT1233'),
    ('TG-001','ICT1213'),
    ('TG-001','ICT1253'),
    ('TG-001','ICT1242'),
    ('TG-001','ICT1212'),
    ('TG-001','ICT1222'),
    ('TG-001','TCS1212'),
    ('TG-001','ENG1212'),
    ('TG-002','ICT1233'),
    ('TG-002','ICT1213'),
    ('TG-002','ICT1253'),
    ('TG-002','ICT1242'),
    ('TG-002','ICT1212'),
    ('TG-002','ICT1222'),
    ('TG-002','TCS1212'),
    ('TG-002','ENG1212'),
    ('TG-003','ICT1233'),
    ('TG-003','ICT1213'),
    ('TG-003','ICT1253'),
    ('TG-003','ICT1242'),
    ('TG-003','ICT1212'),
    ('TG-003','ICT1222'),
    ('TG-003','TCS1212'),
    ('TG-003','ENG1212'),
    ('TG-004','ICT1233'),
    ('TG-004','ICT1213'),
    ('TG-004','ICT1253'),
    ('TG-004','ICT1242'),
    ('TG-004','ICT1212'),
    ('TG-004','ICT1222'),
    ('TG-004','TCS1212'),
    ('TG-004','ENG1212'),
    ('TG-005','TMS2022'),
    ('TG-005','TMS4302'),
    ('TG-005','TMS6301'),
    ('TG-005','TMS6302'),
    ('TG-005','TMS2022'),
    ('TG-005','TCS1212'),
    ('TG-005','ENG1212'),
    ('TG-006','BST3021'),
    ('TG-006','BST2343'),
    ('TG-006','BST2331'),
    ('TG-006','TCS1212'),
    ('TG-006','ENG1212'),
    ('TG-007','BST3021'),
    ('TG-007','BST2343'),
    ('TG-007','BST2331'),
    ('TG-007','TCS1212'),
    ('TG-007','ENG1212'),
    ('TG-008','ICT1233'),
    ('TG-008','ICT1213'),
    ('TG-008','ICT1253'),
    ('TG-008','ICT1242'),
    ('TG-008','ICT1212'),
    ('TG-008','ICT1222'),
    ('TG-008','TCS1212'),
    ('TG-008','ENG1212'),
    ('TG-009','ICT1233'),
    ('TG-009','ICT1213'),
    ('TG-009','ICT1253'),
    ('TG-009','ICT1242'),
    ('TG-009','ICT1212'),
    ('TG-009','ICT1222'),
    ('TG-009','TCS1212'),
    ('TG-009','ENG1212'),
    ('TG-010','ICT1233'),
    ('TG-010','ICT1213'),
    ('TG-010','ICT1253'),
    ('TG-010','ICT1242'),
    ('TG-010','ICT1212'),
    ('TG-010','ICT1222'),
    ('TG-010','TCS1212'),
    ('TG-010','ENG1212'),
    ('TG-011','BST3021'),
    ('TG-011','BST2343'),
    ('TG-011','BST2331'),
    ('TG-011','TCS1212'),
    ('TG-011','ENG1212'),
    ('TG-012','BST3021'),
    ('TG-012','BST2343'),
    ('TG-012','BST2331'),
    ('TG-012','TCS1212'),
    ('TG-012','ENG1212'),
    ('TG-013','BST3021'),
    ('TG-013','BST2343'),
    ('TG-013','BST2331'),
    ('TG-013','TCS1212'),
    ('TG-013','ENG1212'),
    ('TG-014','ICT1233'),
    ('TG-014','ICT1213'),
    ('TG-014','ICT1253'),
    ('TG-014','ICT1242'),
    ('TG-014','ICT1212'),
    ('TG-014','ICT1222'),
    ('TG-014','TCS1212'),
    ('TG-014','ENG1212'),
    ('TG-015','ICT1233'),
    ('TG-015','ICT1213'),
    ('TG-015','ICT1253'),
    ('TG-015','ICT1242'),
    ('TG-015','ICT1212'),
    ('TG-015','ICT1222'),
    ('TG-015','TCS1212'),
    ('TG-015','ENG1212'),
    ('TG-016','ICT1233'),
    ('TG-016','ICT1213'),
    ('TG-016','ICT1253'),
    ('TG-016','ICT1242'),
    ('TG-016','ICT1212'),
    ('TG-016','ICT1222'),
    ('TG-016','TCS1212'),
    ('TG-016','ENG1212'),
    ('TG-017','TMS2022'),
    ('TG-017','TMS4302'),
    ('TG-017','TMS6301'),
    ('TG-017','TMS6302'),
    ('TG-017','TMS2022'),
    ('TG-017','TCS1212'),
    ('TG-017','ENG1212'),
    ('TG-018','TMS2022'),
    ('TG-018','TMS4302'),
    ('TG-018','TMS6301'),
    ('TG-018','TMS6302'),
    ('TG-018','TMS2022'),
    ('TG-018','TCS1212'),
    ('TG-018','ENG1212'),
    ('TG-019','TMS2022'),
    ('TG-019','TMS4302'),
    ('TG-019','TMS6301'),
    ('TG-019','TMS6302'),
    ('TG-019','TMS2022'),
    ('TG-019','TCS1212'),
    ('TG-019','ENG1212'),
    ('TG-020','TMS2022'),
    ('TG-020','TMS4302'),
    ('TG-020','TMS6301'),
    ('TG-020','TMS6302'),
    ('TG-020','TMS2022'),
    ('TG-020','TCS1212'),
    ('TG-020','ENG1212');

INSERT INTO Lecture_Course VALUES
    ('LC01','ICT1233'),
    ('LC02','ICT1213'),
    ('LC03','ICT1213'),
    ('LC04','ICT1242'),
    ('LC05','ICT1212'),
    ('LC05','ICT1222'),
    ('LC06','TMS2022'),
    ('LC06','TMS4302'),
    ('LC07','ENG1212'),
    ('LC08','ENG1212'),
    ('LC09','TCS1212'),
    ('LC10','BST4024');

INSERT INTO Attendence VALUES
    ('2024-08-05', 'Present', 'Lecture', 'TG-001', NULL, 'TO001', 'ICT1233'),
    ('2024-08-05', 'Present', 'Lecture', 'TG-002', NULL, 'TO001', 'ICT1233'),
    ('2024-08-05', 'Present', 'Lecture', 'TG-003', NULL, 'TO001', 'ICT1233'),
    ('2024-08-05', 'Absent', 'Lecture', 'TG-004', 'MD001', 'TO001', 'ICT1233'),
    ('2024-08-05', 'Present', 'Lecture', 'TG-009', NULL, 'TO001', 'ICT1233'),
    ('2024-08-05', 'Present', 'Lecture', 'TG-014', NULL, 'TO001', 'ICT1233'),
    ('2024-08-05', 'Absent', 'Lecture', 'TG-015', 'MD002', 'TO001', 'ICT1233'),
    ('2024-08-05', 'Present', 'Lecture', 'TG-016', NULL, 'TO001', 'ICT1233'),

    ('2024-08-06', 'Present', 'Lecture', 'TG-001', NULL, 'TO001', 'ICT1212'),
    ('2024-08-06', 'Present', 'Lecture', 'TG-002', NULL, 'TO001', 'ICT1212'),
    ('2024-08-06', 'Present', 'Lecture', 'TG-003', NULL, 'TO001', 'ICT1212'),
    ('2024-08-06', 'Absent', 'Lecture', 'TG-004', 'MD001', 'TO001', 'ICT1212'),
    ('2024-08-06', 'Present', 'Lecture', 'TG-009', NULL, 'TO001', 'ICT1212'),
    ('2024-08-06', 'Present', 'Lecture', 'TG-014', NULL, 'TO001', 'ICT1212'),
    ('2024-08-06', 'Present', 'Lecture', 'TG-015', NULL, 'TO001', 'ICT1212'),
    ('2024-08-06', 'Present', 'Lecture', 'TG-016', NULL, 'TO001', 'ICT1212'),
    ('2024-08-06', 'Present', 'Practical', 'TG-001', NULL, 'TO001', 'ICT1222'),
    ('2024-08-06', 'Present', 'Practical', 'TG-002', NULL, 'TO001', 'ICT1222'),
    ('2024-08-06', 'Present', 'Practical', 'TG-003', NULL, 'TO001', 'ICT1222'),
    ('2024-08-06', 'Absent', 'Practical', 'TG-004', 'MD001', 'TO001', 'ICT1222'),    
    ('2024-08-06', 'Present', 'Practical', 'TG-009', NULL, 'TO001', 'ICT1222'),   
    ('2024-08-06', 'Present', 'Practical', 'TG-014', NULL, 'TO001', 'ICT1222'),
    ('2024-08-06', 'Present', 'Practical', 'TG-015', NULL, 'TO001', 'ICT1222'),
    ('2024-08-06', 'Present', 'Practical', 'TG-016', NULL, 'TO001', 'ICT1222'),

    ('2024-08-07', 'Present', 'Lecture', 'TG-001', NULL, 'TO001', 'ICT1213'),
    ('2024-08-07', 'Present', 'Lecture', 'TG-002', NULL, 'TO001', 'ICT1213'),
    ('2024-08-07', 'Present', 'Lecture', 'TG-003', NULL, 'TO001', 'ICT1213'),
    ('2024-08-07', 'Absent', 'Lecture', 'TG-004', 'MD001', 'TO001', 'ICT1213'),
    ('2024-08-07', 'Present', 'Lecture', 'TG-009', NULL, 'TO001', 'ICT1213'),
    ('2024-08-07', 'Absent', 'Lecture', 'TG-014', NULL, 'TO001', 'ICT1213'),
    ('2024-08-07', 'Present', 'Lecture', 'TG-015', NULL, 'TO001', 'ICT1213'),
    ('2024-08-07', 'Present', 'Lecture', 'TG-016', NULL, 'TO001', 'ICT1213'),

    ('2024-08-08', 'Present', 'Lecture', 'TG-001', NULL, 'TO001', 'ICT1242'),
    ('2024-08-08', 'Present', 'Lecture', 'TG-002', NULL, 'TO001', 'ICT1242'),
    ('2024-08-08', 'Present', 'Lecture', 'TG-003', NULL, 'TO001', 'ICT1242'),
    ('2024-08-08', 'Absent', 'Lecture', 'TG-004', 'MD001', 'TO001', 'ICT1242'),
    ('2024-08-08', 'Present', 'Lecture', 'TG-009', NULL, 'TO001', 'ICT1242'),
    ('2024-08-08', 'Present', 'Lecture', 'TG-014', NULL, 'TO001', 'ICT1242'),
    ('2024-08-08', 'Present', 'Lecture', 'TG-015', NULL, 'TO001', 'ICT1242'),
    ('2024-08-08', 'Present', 'Lecture', 'TG-016', NULL, 'TO001', 'ICT1242'),
    ('2024-08-08', 'Present', 'Lecture', 'TG-001', NULL, 'TO001', 'ICT1253'),
    ('2024-08-08', 'Present', 'Lecture', 'TG-002', NULL, 'TO001', 'ICT1253'),
    ('2024-08-08', 'Present', 'Lecture', 'TG-003', NULL, 'TO001', 'ICT1253'),
    ('2024-08-08', 'Absent', 'Lecture', 'TG-004', 'MD001', 'TO001', 'ICT1253'),
    ('2024-08-08', 'Present', 'Lecture', 'TG-009', NULL, 'TO001', 'ICT1253'),
    ('2024-08-08', 'Present', 'Lecture', 'TG-014', NULL, 'TO001', 'ICT1253'),
    ('2024-08-08', 'Present', 'Lecture', 'TG-015', NULL, 'TO001', 'ICT1253'),
    ('2024-08-08', 'Present', 'Lecture', 'TG-016', NULL, 'TO001', 'ICT1253'),

    ('2024-08-09', 'Present', 'Lecture', 'TG-001', NULL, 'TO001', 'ENG1212'),
    ('2024-08-09', 'Present', 'Lecture', 'TG-002', NULL, 'TO001', 'ENG1212'),
    ('2024-08-09', 'Present', 'Lecture', 'TG-003', NULL, 'TO001', 'ENG1212'),
    ('2024-08-09', 'Present', 'Lecture', 'TG-004', NULL, 'TO001', 'ENG1212'),
    ('2024-08-09', 'Present', 'Lecture', 'TG-009', NULL, 'TO001', 'ENG1212'),
    ('2024-08-09', 'Present', 'Lecture', 'TG-014', NULL, 'TO001', 'ENG1212'),
    ('2024-08-09', 'Absent', 'Lecture', 'TG-015', 'MD003', 'TO001', 'ENG1212'),
    ('2024-08-09', 'Present', 'Lecture', 'TG-016', NULL, 'TO001', 'ENG1212'),
    ('2024-08-09', 'Present', 'Lecture', 'TG-001', NULL, 'TO001', 'TCS1212'),
    ('2024-08-09', 'Present', 'Lecture', 'TG-002', NULL, 'TO001', 'TCS1212'),
    ('2024-08-09', 'Present', 'Lecture', 'TG-003', NULL, 'TO001', 'TCS1212'),
    ('2024-08-09', 'Present', 'Lecture', 'TG-004', NULL, 'TO001', 'TCS1212'),
    ('2024-08-09', 'Present', 'Lecture', 'TG-009', NULL, 'TO001', 'TCS1212'),
    ('2024-08-09', 'Present', 'Lecture', 'TG-014', NULL, 'TO001', 'TCS1212'),
    ('2024-08-09', 'Present', 'Lecture', 'TG-015', NULL, 'TO001', 'TCS1212'),
    ('2024-08-09', 'Present', 'Lecture', 'TG-016', NULL, 'TO001', 'TCS1212'),

    ('2024-08-12', 'Present', 'Lecture', 'TG-001', NULL, 'TO001', 'ICT1233'),
    ('2024-08-12', 'Present', 'Lecture', 'TG-002', NULL, 'TO001', 'ICT1233'),
    ('2024-08-12', 'Present', 'Lecture', 'TG-003', NULL, 'TO001', 'ICT1233'),
    ('2024-08-12', 'Present', 'Lecture', 'TG-004', NULL, 'TO001', 'ICT1233'),
    ('2024-08-12', 'Present', 'Lecture', 'TG-009', NULL, 'TO001', 'ICT1233'),
    ('2024-08-12', 'Present', 'Lecture', 'TG-014', NULL, 'TO001', 'ICT1233'),
    ('2024-08-12', 'Absent', 'Lecture', 'TG-015','MD003', 'TO001', 'ICT1233'),
    ('2024-08-12', 'Present', 'Lecture', 'TG-016', NULL, 'TO001', 'ICT1233'),

    ('2024-08-13', 'Present', 'Lecture', 'TG-001', NULL, 'TO001', 'ICT1212'),
    ('2024-08-13', 'Present', 'Lecture', 'TG-002', NULL, 'TO001', 'ICT1212'),
    ('2024-08-13', 'Present', 'Lecture', 'TG-003', NULL, 'TO001', 'ICT1212'),
    ('2024-08-13', 'Present', 'Lecture', 'TG-004', NULL, 'TO001', 'ICT1212'),
    ('2024-08-13', 'Present', 'Lecture', 'TG-009', NULL, 'TO001', 'ICT1212'),
    ('2024-08-13', 'Present', 'Lecture', 'TG-014', NULL, 'TO001', 'ICT1212'),
    ('2024-08-13', 'Absent', 'Lecture', 'TG-015', 'MD003', 'TO001', 'ICT1212'),
    ('2024-08-13', 'Present', 'Lecture', 'TG-016', NULL, 'TO001', 'ICT1212'),
    ('2024-08-13', 'Present', 'Practical', 'TG-001', NULL, 'TO001', 'ICT1222'),
    ('2024-08-13', 'Present', 'Practical', 'TG-002', NULL, 'TO001', 'ICT1222'),
    ('2024-08-13', 'Present', 'Practical', 'TG-003', NULL, 'TO001', 'ICT1222'),
    ('2024-08-13', 'Present', 'Practical', 'TG-004', NULL, 'TO001', 'ICT1222'),   
    ('2024-08-13', 'Present', 'Practical', 'TG-009', NULL, 'TO001', 'ICT1222'),  
    ('2024-08-13', 'Present', 'Practical', 'TG-014', NULL, 'TO001', 'ICT1222'),
    ('2024-08-13', 'Absent', 'Practical', 'TG-015','MD003', 'TO001', 'ICT1222'),
    ('2024-08-13', 'Present', 'Practical', 'TG-016', NULL, 'TO001', 'ICT1222'),

    ('2024-08-14', 'Present', 'Lecture', 'TG-001', NULL, 'TO001', 'ICT1213'),
    ('2024-08-14', 'Present', 'Lecture', 'TG-002', NULL, 'TO001', 'ICT1213'),
    ('2024-08-14', 'Present', 'Lecture', 'TG-003', NULL, 'TO001', 'ICT1213'),
    ('2024-08-14', 'Present', 'Lecture', 'TG-004', NULL, 'TO001', 'ICT1213'),
    ('2024-08-14', 'Present', 'Lecture', 'TG-009', NULL, 'TO001', 'ICT1213'),
    ('2024-08-14', 'Absent', 'Lecture', 'TG-014', 'MD005', 'TO001', 'ICT1213'),
    ('2024-08-14', 'Absent', 'Lecture', 'TG-015', 'MD003', 'TO001', 'ICT1213'),
    ('2024-08-14', 'Present', 'Lecture', 'TG-016', NULL, 'TO001', 'ICT1213'), 

    ('2024-08-15', 'Present', 'Lecture', 'TG-001', NULL, 'TO001', 'ICT1242'),
    ('2024-08-15', 'Present', 'Lecture', 'TG-002', NULL, 'TO001', 'ICT1242'),
    ('2024-08-15', 'Present', 'Lecture', 'TG-003', NULL, 'TO001', 'ICT1242'),
    ('2024-08-15', 'Present', 'Lecture', 'TG-004', NULL, 'TO001', 'ICT1242'),
    ('2024-08-15', 'Present', 'Lecture', 'TG-009', NULL, 'TO001', 'ICT1242'),
    ('2024-08-15', 'Absent', 'Lecture', 'TG-014', 'MD005', 'TO001', 'ICT1242'),
    ('2024-08-15', 'Absent', 'Lecture', 'TG-015', 'MD003', 'TO001', 'ICT1242'),
    ('2024-08-15', 'Present', 'Lecture', 'TG-016','MD006', 'TO001', 'ICT1242'),
    ('2024-08-15', 'Present', 'Lecture', 'TG-001', NULL, 'TO001', 'ICT1253'),
    ('2024-08-15', 'Present', 'Lecture', 'TG-002', NULL, 'TO001', 'ICT1253'),
    ('2024-08-15', 'Present', 'Lecture', 'TG-003', NULL, 'TO001', 'ICT1253'),
    ('2024-08-15', 'Present', 'Lecture', 'TG-004', NULL, 'TO001', 'ICT1253'),
    ('2024-08-15', 'Present', 'Lecture', 'TG-009', NULL, 'TO001', 'ICT1253'),
    ('2024-08-15', 'Absent', 'Lecture', 'TG-014', 'MD005', 'TO001', 'ICT1253'),
    ('2024-08-15', 'Absent', 'Lecture', 'TG-015', 'MD003', 'TO001', 'ICT1253'),
    ('2024-08-15', 'Absent', 'Lecture', 'TG-016', 'MD006', 'TO001', 'ICT1253'),

    ('2024-08-16', 'Present', 'Lecture', 'TG-001', NULL, 'TO001', 'ENG1212'),
    ('2024-08-16', 'Present', 'Lecture', 'TG-002', NULL, 'TO001', 'ENG1212'),
    ('2024-08-16', 'Present', 'Lecture', 'TG-003', NULL, 'TO001', 'ENG1212'),
    ('2024-08-16', 'Present', 'Lecture', 'TG-004', NULL, 'TO001', 'ENG1212'),
    ('2024-08-16', 'Present', 'Lecture', 'TG-009', NULL, 'TO001', 'ENG1212'), 
    ('2024-08-16', 'Absent', 'Lecture', 'TG-014', 'MD005', 'TO001', 'ENG1212'),
    ('2024-08-16', 'Present', 'Lecture', 'TG-015', NULL, 'TO001', 'ENG1212'),
    ('2024-08-16', 'Absent', 'Lecture', 'TG-016', 'MD006', 'TO001', 'ENG1212'),
    ('2024-08-16', 'Present', 'Lecture', 'TG-001', NULL, 'TO001', 'TCS1212'),
    ('2024-08-16', 'Present', 'Lecture', 'TG-002', NULL, 'TO001', 'TCS1212'),
    ('2024-08-16', 'Present', 'Lecture', 'TG-003', NULL, 'TO001', 'TCS1212'),
    ('2024-08-16', 'Present', 'Lecture', 'TG-004', NULL, 'TO001', 'TCS1212'),
    ('2024-08-16', 'Present', 'Lecture', 'TG-009', NULL, 'TO001', 'TCS1212'),
    ('2024-08-16', 'Absent', 'Lecture', 'TG-014', 'MD005', 'TO001', 'TCS1212'),
    ('2024-08-16', 'Present', 'Lecture', 'TG-015', NULL, 'TO001', 'TCS1212'),
    ('2024-08-16', 'Absent', 'Lecture', 'TG-016', 'MD006', 'TO001', 'TCS1212'),

    ('2024-08-20', 'Present', 'Lecture', 'TG-001', NULL, 'TO001', 'ICT1212'),
    ('2024-08-20', 'Present', 'Lecture', 'TG-002', NULL, 'TO001', 'ICT1212'),
    ('2024-08-20', 'Present', 'Lecture', 'TG-003', NULL, 'TO001', 'ICT1212'),
    ('2024-08-20', 'Present', 'Lecture', 'TG-004', NULL, 'TO001', 'ICT1212'),
    ('2024-08-20', 'Present', 'Lecture', 'TG-009', NULL, 'TO001', 'ICT1212'),
    ('2024-08-20', 'Present', 'Lecture', 'TG-014', NULL, 'TO001', 'ICT1212'),
    ('2024-08-20', 'Present', 'Lecture', 'TG-015', NULL, 'TO001', 'ICT1212'),
    ('2024-08-20', 'Absent', 'Lecture', 'TG-016', 'MD006', 'TO001', 'ICT1212'),
    ('2024-08-20', 'Present', 'Practical', 'TG-001', NULL, 'TO001', 'ICT1222'),
    ('2024-08-20', 'Present', 'Practical', 'TG-002', NULL, 'TO001', 'ICT1222'),
    ('2024-08-20', 'Present', 'Practical', 'TG-003', NULL, 'TO001', 'ICT1222'),
    ('2024-08-20', 'Present', 'Practical', 'TG-004', NULL, 'TO001', 'ICT1222'),   
    ('2024-08-20', 'Present', 'Practical', 'TG-009', NULL, 'TO001', 'ICT1222'),   
    ('2024-08-20', 'Present', 'Practical', 'TG-014', NULL, 'TO001', 'ICT1222'),
    ('2024-08-20', 'Present', 'Practical', 'TG-015', NULL, 'TO001', 'ICT1222'),
    ('2024-08-20', 'Absent', 'Lecture', 'TG-016', 'MD006', 'TO001', 'ICT1222'),

    ('2024-08-21', 'Absent', 'Lecture', 'TG-001', NULL, 'TO001', 'ICT1213'),
    ('2024-08-21', 'Present', 'Lecture', 'TG-002', NULL, 'TO001', 'ICT1213'),
    ('2024-08-21', 'Present', 'Lecture', 'TG-003', NULL, 'TO001', 'ICT1213'),
    ('2024-08-21', 'Present', 'Lecture', 'TG-004', NULL, 'TO001', 'ICT1213'),
    ('2024-08-21', 'Present', 'Lecture', 'TG-009', NULL, 'TO001', 'ICT1213'),
    ('2024-08-21', 'Present', 'Lecture', 'TG-014', NULL, 'TO001', 'ICT1213'),
    ('2024-08-21', 'Present', 'Lecture', 'TG-015', NULL, 'TO001', 'ICT1213'),
    ('2024-08-21', 'Absent', 'Lecture', 'TG-016', 'MD006', 'TO001', 'ICT1213'),

    ('2024-08-22', 'Present', 'Lecture', 'TG-001', NULL, 'TO001', 'ICT1242'),
    ('2024-08-22', 'Present', 'Lecture', 'TG-002', NULL, 'TO001', 'ICT1242'),
    ('2024-08-22', 'Present', 'Lecture', 'TG-003', NULL, 'TO001', 'ICT1242'),
    ('2024-08-22', 'Present', 'Lecture', 'TG-004', NULL, 'TO001', 'ICT1242'),
    ('2024-08-22', 'Present', 'Lecture', 'TG-009', NULL, 'TO001', 'ICT1242'),
    ('2024-08-22', 'Present', 'Lecture', 'TG-014', NULL, 'TO001', 'ICT1242'),
    ('2024-08-22', 'Present', 'Lecture', 'TG-015', NULL, 'TO001', 'ICT1242'),
    ('2024-08-22', 'Absent', 'Lecture', 'TG-016', 'MD006', 'TO001', 'ICT1242'),
    ('2024-08-22', 'Present', 'Lecture', 'TG-001', NULL, 'TO001', 'ICT1253'),
    ('2024-08-22', 'Present', 'Lecture', 'TG-002', NULL, 'TO001', 'ICT1253'),
    ('2024-08-22', 'Present', 'Lecture', 'TG-003', NULL, 'TO001', 'ICT1253'),
    ('2024-08-22', 'Present', 'Lecture', 'TG-004', NULL, 'TO001', 'ICT1253'),
    ('2024-08-22', 'Present', 'Lecture', 'TG-009', NULL, 'TO001', 'ICT1253'),
    ('2024-08-22', 'Present', 'Lecture', 'TG-014', NULL, 'TO001', 'ICT1253'),
    ('2024-08-22', 'Present', 'Lecture', 'TG-015', NULL, 'TO001', 'ICT1253'),
    ('2024-08-22', 'Absent', 'Lecture', 'TG-016', 'MD006', 'TO001', 'ICT1253'),

    ('2024-08-23', 'Present', 'Lecture', 'TG-001', NULL, 'TO001', 'ENG1212'),
    ('2024-08-23', 'Present', 'Lecture', 'TG-002', NULL, 'TO001', 'ENG1212'),
    ('2024-08-23', 'Present', 'Lecture', 'TG-003', NULL, 'TO001', 'ENG1212'),
    ('2024-08-23', 'Present', 'Lecture', 'TG-004', NULL, 'TO001', 'ENG1212'),
    ('2024-08-23', 'Present', 'Lecture', 'TG-009', NULL, 'TO001', 'ENG1212'),
    ('2024-08-23', 'Present', 'Lecture', 'TG-014', NULL, 'TO001', 'ENG1212'),
    ('2024-08-23', 'Present', 'Lecture', 'TG-015', NULL, 'TO001', 'ENG1212'),
    ('2024-08-23', 'Present', 'Lecture', 'TG-016', NULL, 'TO001', 'ENG1212'),
    ('2024-08-23', 'Present', 'Lecture', 'TG-001', NULL, 'TO001', 'TCS1212'),
    ('2024-08-23', 'Present', 'Lecture', 'TG-002', NULL, 'TO001', 'TCS1212'),
    ('2024-08-23', 'Present', 'Lecture', 'TG-003', NULL, 'TO001', 'TCS1212'),
    ('2024-08-23', 'Present', 'Lecture', 'TG-004', NULL, 'TO001', 'TCS1212'),
    ('2024-08-23', 'Present', 'Lecture', 'TG-009', NULL, 'TO001', 'TCS1212'),
    ('2024-08-23', 'Present', 'Lecture', 'TG-014', NULL, 'TO001', 'TCS1212'),
    ('2024-08-23', 'Present', 'Lecture', 'TG-015', NULL, 'TO001', 'TCS1212'),
    ('2024-08-23', 'Present', 'Lecture', 'TG-016', NULL, 'TO001', 'TCS1212'),

    ('2024-08-26', 'Present', 'Lecture', 'TG-001', NULL, 'TO001', 'ICT1233'),
    ('2024-08-26', 'Present', 'Lecture', 'TG-002', NULL, 'TO001', 'ICT1233'),
    ('2024-08-26', 'Absent', 'Lecture', 'TG-003', NULL, 'TO001', 'ICT1233'),
    ('2024-08-26', 'Present', 'Lecture', 'TG-004', NULL, 'TO001', 'ICT1233'),
    ('2024-08-26', 'Present', 'Lecture', 'TG-009', NULL, 'TO001', 'ICT1233'),
    ('2024-08-26', 'Present', 'Lecture', 'TG-014', NULL, 'TO001', 'ICT1233'),
    ('2024-08-26', 'Present', 'Lecture', 'TG-015', NULL, 'TO001', 'ICT1233'),
    ('2024-08-26', 'Present', 'Lecture', 'TG-016', NULL, 'TO001', 'ICT1233'),

    ('2024-08-27', 'Present', 'Lecture', 'TG-001', NULL, 'TO001', 'ICT1212'),
    ('2024-08-27', 'Present', 'Lecture', 'TG-002', NULL, 'TO001', 'ICT1212'),
    ('2024-08-27', 'Present', 'Lecture', 'TG-003', NULL, 'TO001', 'ICT1212'),
    ('2024-08-27', 'Present', 'Lecture', 'TG-004', NULL, 'TO001', 'ICT1212'),
    ('2024-08-27', 'Present', 'Lecture', 'TG-009', NULL, 'TO001', 'ICT1212'),
    ('2024-08-27', 'Present', 'Lecture', 'TG-014', NULL, 'TO001', 'ICT1212'),
    ('2024-08-27', 'Absent', 'Lecture', 'TG-015', 'MD004', 'TO001', 'ICT1212'),
    ('2024-08-27', 'Present', 'Lecture', 'TG-016', NULL, 'TO001', 'ICT1212'),
    ('2024-08-27', 'Present', 'Practical', 'TG-001', NULL, 'TO001', 'ICT1222'),
    ('2024-08-27', 'Present', 'Practical', 'TG-002', NULL, 'TO001', 'ICT1222'),
    ('2024-08-27', 'Present', 'Practical', 'TG-003', NULL, 'TO001', 'ICT1222'),
    ('2024-08-27', 'Present', 'Practical', 'TG-004', NULL, 'TO001', 'ICT1222'),  
    ('2024-08-27', 'Present', 'Practical', 'TG-009', NULL, 'TO001', 'ICT1222'), 
    ('2024-08-27', 'Present', 'Practical', 'TG-014', NULL, 'TO001', 'ICT1222'), 
    ('2024-08-27', 'Absent', 'Practical', 'TG-015', 'MD004', 'TO001', 'ICT1222'),
    ('2024-08-27', 'Present', 'Practical', 'TG-016', NULL, 'TO001', 'ICT1222'),

    ('2024-08-28', 'Present', 'Lecture', 'TG-001', NULL, 'TO001', 'ICT1213'),
    ('2024-08-28', 'Absent', 'Lecture', 'TG-002', 'MD008', 'TO001', 'ICT1213'),
    ('2024-08-28', 'Present', 'Lecture', 'TG-003', NULL, 'TO001', 'ICT1213'),
    ('2024-08-28', 'Present', 'Lecture', 'TG-004', NULL, 'TO001', 'ICT1213'),
    ('2024-08-28', 'Present', 'Lecture', 'TG-009', NULL, 'TO001', 'ICT1213'),
    ('2024-08-28', 'Absent', 'Lecture', 'TG-014', NULL, 'TO001', 'ICT1213'), 
    ('2024-08-28', 'Present', 'Lecture', 'TG-015', NULL, 'TO001', 'ICT1213'),
    ('2024-08-28', 'Present', 'Lecture', 'TG-016', NULL, 'TO001', 'ICT1213'),   

    ('2024-08-29', 'Present', 'Lecture', 'TG-001', NULL, 'TO001', 'ICT1242'),
    ('2024-08-29', 'Absent', 'Lecture', 'TG-002', 'MD008', 'TO001', 'ICT1242'),
    ('2024-08-29', 'Present', 'Lecture', 'TG-003', NULL, 'TO001', 'ICT1242'),
    ('2024-08-29', 'Present', 'Lecture', 'TG-004', NULL, 'TO001', 'ICT1242'),
    ('2024-08-29', 'Present', 'Lecture', 'TG-009', NULL, 'TO001', 'ICT1242'),
    ('2024-08-29', 'Absent', 'Lecture', 'TG-014', NULL, 'TO001', 'ICT1242'),
    ('2024-08-29', 'Present', 'Lecture', 'TG-015', NULL, 'TO001', 'ICT1242'),
    ('2024-08-29', 'Present', 'Lecture', 'TG-016', NULL, 'TO001', 'ICT1242'),
    ('2024-08-29', 'Absent', 'Lecture', 'TG-001', NULL, 'TO001', 'ICT1253'),
    ('2024-08-29', 'Absent', 'Lecture', 'TG-002', 'MD008', 'TO001', 'ICT1253'),
    ('2024-08-29', 'Present', 'Lecture', 'TG-003', NULL, 'TO001', 'ICT1253'),
    ('2024-08-29', 'Absent', 'Lecture', 'TG-004', NULL, 'TO001', 'ICT1253'),
    ('2024-08-29', 'Present', 'Lecture', 'TG-009', NULL, 'TO001', 'ICT1253'),
    ('2024-08-29', 'Present', 'Lecture', 'TG-014', NULL, 'TO001', 'ICT1253'),
    ('2024-08-29', 'Present', 'Lecture', 'TG-015', NULL, 'TO001', 'ICT1253'),
    ('2024-08-29', 'Absent', 'Lecture', 'TG-016', NULL, 'TO001', 'ICT1253'),

    ('2024-08-30', 'Present', 'Lecture', 'TG-001', NULL, 'TO001', 'ENG1212'),
    ('2024-08-30', 'Absent', 'Lecture', 'TG-002', 'MD008', 'TO001', 'ENG1212'),
    ('2024-08-30', 'Present', 'Lecture', 'TG-003', NULL, 'TO001', 'ENG1212'),
    ('2024-08-30', 'Present', 'Lecture', 'TG-004', NULL, 'TO001', 'ENG1212'),
    ('2024-08-30', 'Present', 'Lecture', 'TG-009', NULL, 'TO001', 'ENG1212'),
    ('2024-08-30', 'Present', 'Lecture', 'TG-014', NULL, 'TO001', 'ENG1212'),
    ('2024-08-30', 'Present', 'Lecture', 'TG-015', NULL, 'TO001', 'ENG1212'),
    ('2024-08-30', 'Present', 'Lecture', 'TG-016', NULL, 'TO001', 'ENG1212'),
    ('2024-08-30', 'Present', 'Lecture', 'TG-001', NULL, 'TO001', 'TCS1212'),
    ('2024-08-30', 'Absent', 'Lecture', 'TG-002', 'MD008', 'TO001', 'TCS1212'),
    ('2024-08-30', 'Present', 'Lecture', 'TG-003', NULL, 'TO001', 'TCS1212'),
    ('2024-08-30', 'Present', 'Lecture', 'TG-004', NULL, 'TO001', 'TCS1212'),
    ('2024-08-30', 'Present', 'Lecture', 'TG-009', NULL, 'TO001', 'TCS1212'), 
    ('2024-08-30', 'Present', 'Lecture', 'TG-014', NULL, 'TO001', 'TCS1212'),
    ('2024-08-30', 'Present', 'Lecture', 'TG-015', NULL, 'TO001', 'TCS1212'),
    ('2024-08-30', 'Present', 'Lecture', 'TG-016', NULL, 'TO001', 'TCS1212'),

    ('2024-09-02', 'Present', 'Lecture', 'TG-001', NULL, 'TO001', 'ICT1233'),
    ('2024-09-02', 'Present', 'Lecture', 'TG-002', NULL, 'TO001', 'ICT1233'),
    ('2024-09-02', 'Present', 'Lecture', 'TG-003', NULL, 'TO001', 'ICT1233'),
    ('2024-09-02', 'Absent', 'Lecture', 'TG-004', NULL, 'TO001', 'ICT1233'),
    ('2024-09-02', 'Present', 'Lecture', 'TG-009', NULL, 'TO001', 'ICT1233'),
    ('2024-09-02', 'Present', 'Lecture', 'TG-014', NULL, 'TO001', 'ICT1233'),
    ('2024-09-02', 'Present', 'Lecture', 'TG-015', NULL, 'TO001', 'ICT1233'),
    ('2024-09-02', 'Present', 'Lecture', 'TG-016', NULL, 'TO001', 'ICT1233'),

    ('2024-09-03', 'Present', 'Lecture', 'TG-001', NULL, 'TO001', 'ICT1212'),
    ('2024-09-03', 'Present', 'Lecture', 'TG-002', NULL, 'TO001', 'ICT1212'),
    ('2024-09-03', 'Present', 'Lecture', 'TG-003', NULL, 'TO001', 'ICT1212'),
    ('2024-09-03', 'Present', 'Lecture', 'TG-004', NULL, 'TO001', 'ICT1212'),
    ('2024-09-03', 'Present', 'Lecture', 'TG-009', NULL, 'TO001', 'ICT1212'),
    ('2024-09-03', 'Present', 'Lecture', 'TG-014', NULL, 'TO001', 'ICT1212'),
    ('2024-09-03', 'Present', 'Lecture', 'TG-015', NULL, 'TO001', 'ICT1212'),
    ('2024-09-03', 'Present', 'Lecture', 'TG-016', NULL, 'TO001', 'ICT1212'),
    ('2024-09-03', 'Present', 'Practical', 'TG-001', NULL, 'TO001', 'ICT1222'),
    ('2024-09-03', 'Present', 'Practical', 'TG-002', NULL, 'TO001', 'ICT1222'),
    ('2024-09-03', 'Present', 'Practical', 'TG-003', NULL, 'TO001', 'ICT1222'),
    ('2024-09-03', 'Present', 'Practical', 'TG-004', NULL, 'TO001', 'ICT1222'),    
    ('2024-09-03', 'Present', 'Practical', 'TG-009', NULL, 'TO001', 'ICT1222'),   
    ('2024-09-03', 'Present', 'Practical', 'TG-014', NULL, 'TO001', 'ICT1222'),
    ('2024-09-03', 'Present', 'Practical', 'TG-015', NULL, 'TO001', 'ICT1222'),
    ('2024-09-03', 'Present', 'Practical', 'TG-016', NULL, 'TO001', 'ICT1222'),

    ('2024-09-04', 'Present', 'Lecture', 'TG-001', NULL, 'TO001', 'ICT1213'),
    ('2024-09-04', 'Present', 'Lecture', 'TG-002', NULL, 'TO001', 'ICT1213'),
    ('2024-09-04', 'Present', 'Lecture', 'TG-003', NULL, 'TO001', 'ICT1213'),
    ('2024-09-04', 'Present', 'Lecture', 'TG-004', NULL, 'TO001', 'ICT1213'),
    ('2024-09-04', 'Absent', 'Lecture', 'TG-009', NULL, 'TO001', 'ICT1213'),
    ('2024-09-04', 'Present', 'Lecture', 'TG-014', NULL, 'TO001', 'ICT1213'),
    ('2024-09-04', 'Present', 'Lecture', 'TG-015', NULL, 'TO001', 'ICT1213'),
    ('2024-09-04', 'Present', 'Lecture', 'TG-016', NULL, 'TO001', 'ICT1213'),

    ('2024-09-05', 'Present', 'Lecture', 'TG-001', NULL, 'TO001', 'ICT1242'),
    ('2024-09-05', 'Present', 'Lecture', 'TG-002', NULL, 'TO001', 'ICT1242'),
    ('2024-09-05', 'Present', 'Lecture', 'TG-003', NULL, 'TO001', 'ICT1242'),
    ('2024-09-05', 'Absent', 'Lecture', 'TG-004', NULL, 'TO001', 'ICT1242'),
    ('2024-09-05', 'Present', 'Lecture', 'TG-009', NULL, 'TO001', 'ICT1242'),
    ('2024-09-05', 'Present', 'Lecture', 'TG-014', NULL, 'TO001', 'ICT1242'),
    ('2024-09-05', 'Present', 'Lecture', 'TG-015', NULL, 'TO001', 'ICT1242'),
    ('2024-09-05', 'Present', 'Lecture', 'TG-016', NULL, 'TO001', 'ICT1242'),
    ('2024-09-05', 'Present', 'Lecture', 'TG-001', NULL, 'TO001', 'ICT1253'),
    ('2024-09-05', 'Present', 'Lecture', 'TG-002', NULL, 'TO001', 'ICT1253'),
    ('2024-09-05', 'Absent', 'Lecture', 'TG-003', NULL, 'TO001', 'ICT1253'),
    ('2024-09-05', 'Present', 'Lecture', 'TG-004', NULL, 'TO001', 'ICT1253'),
    ('2024-09-05', 'Present', 'Lecture', 'TG-009', NULL, 'TO001', 'ICT1253'),
    ('2024-09-05', 'Present', 'Lecture', 'TG-014', NULL, 'TO001', 'ICT1253'),
    ('2024-09-05', 'Present', 'Lecture', 'TG-015', NULL, 'TO001', 'ICT1253'),
    ('2024-09-05', 'Present', 'Lecture', 'TG-016', NULL, 'TO001', 'ICT1253'),

    ('2024-09-06', 'Present', 'Lecture', 'TG-001', NULL, 'TO001', 'ENG1212'),
    ('2024-09-06', 'Present', 'Lecture', 'TG-002', NULL, 'TO001', 'ENG1212'),
    ('2024-09-06', 'Present', 'Lecture', 'TG-003', NULL, 'TO001', 'ENG1212'),
    ('2024-09-06', 'Present', 'Lecture', 'TG-004', NULL, 'TO001', 'ENG1212'),
    ('2024-09-06', 'Present', 'Lecture', 'TG-009', NULL, 'TO001', 'ENG1212'),
    ('2024-09-06', 'Present', 'Lecture', 'TG-014', NULL, 'TO001', 'ENG1212'),
    ('2024-09-06', 'Present', 'Lecture', 'TG-015', NULL, 'TO001', 'ENG1212'),
    ('2024-09-06', 'Present', 'Lecture', 'TG-016', NULL, 'TO001', 'ENG1212'),
    ('2024-09-06', 'Present', 'Lecture', 'TG-001', NULL, 'TO001', 'TCS1212'),
    ('2024-09-06', 'Present', 'Lecture', 'TG-002', NULL, 'TO001', 'TCS1212'),
    ('2024-09-06', 'Present', 'Lecture', 'TG-003', NULL, 'TO001', 'TCS1212'),
    ('2024-09-06', 'Present', 'Lecture', 'TG-004', NULL, 'TO001', 'TCS1212'),
    ('2024-09-06', 'Present', 'Lecture', 'TG-009', NULL, 'TO001', 'TCS1212'),
    ('2024-09-06', 'Present', 'Lecture', 'TG-014', NULL, 'TO001', 'TCS1212'),
    ('2024-09-06', 'Present', 'Lecture', 'TG-015', NULL, 'TO001', 'TCS1212'),
    ('2024-09-06', 'Present', 'Lecture', 'TG-016', NULL, 'TO001', 'TCS1212'),

    ('2024-09-09', 'Present', 'Lecture', 'TG-001', NULL, 'TO001', 'ICT1233'),
    ('2024-09-09', 'Present', 'Lecture', 'TG-002', NULL, 'TO001', 'ICT1233'),
    ('2024-09-09', 'Present', 'Lecture', 'TG-003', NULL, 'TO001', 'ICT1233'),
    ('2024-09-09', 'Present', 'Lecture', 'TG-004', NULL, 'TO001', 'ICT1233'),
    ('2024-09-09', 'Present', 'Lecture', 'TG-009', NULL, 'TO001', 'ICT1233'),
    ('2024-09-09', 'Absent', 'Lecture', 'TG-014', NULL, 'TO001', 'ICT1233'),
    ('2024-09-09', 'Absent', 'Lecture', 'TG-015', NULL, 'TO001', 'ICT1233'),
    ('2024-09-09', 'Present', 'Lecture', 'TG-016', NULL, 'TO001', 'ICT1233'),

    ('2024-09-10', 'Present', 'Lecture', 'TG-001', NULL, 'TO001', 'ICT1212'),
    ('2024-09-10', 'Absent', 'Lecture', 'TG-002', NULL, 'TO001', 'ICT1212'),
    ('2024-09-10', 'Present', 'Lecture', 'TG-003', NULL, 'TO001', 'ICT1212'),
    ('2024-09-10', 'Present', 'Lecture', 'TG-004', NULL, 'TO001', 'ICT1212'),
    ('2024-09-10', 'Absent', 'Lecture', 'TG-009', NULL, 'TO001', 'ICT1212'),
    ('2024-09-10', 'Present', 'Lecture', 'TG-014', NULL, 'TO001', 'ICT1212'),
    ('2024-09-10', 'Present', 'Lecture', 'TG-015', NULL, 'TO001', 'ICT1212'),
    ('2024-09-10', 'Absent', 'Lecture', 'TG-016', NULL, 'TO001', 'ICT1212'),
    ('2024-09-10', 'Present', 'Practical', 'TG-001', NULL, 'TO001', 'ICT1222'),
    ('2024-09-10', 'Absent', 'Practical', 'TG-002', NULL, 'TO001', 'ICT1222'),
    ('2024-09-10', 'Present', 'Practical', 'TG-003', NULL, 'TO001', 'ICT1222'),
    ('2024-09-10', 'Present', 'Practical', 'TG-004', NULL, 'TO001', 'ICT1222'),   
    ('2024-09-10', 'Absent', 'Practical', 'TG-009', NULL, 'TO001', 'ICT1222'),  
    ('2024-09-10', 'Present', 'Practical', 'TG-014', NULL, 'TO001', 'ICT1222'),
    ('2024-09-10', 'Present', 'Practical', 'TG-015', NULL, 'TO001', 'ICT1222'),
    ('2024-09-10', 'Absent', 'Practical', 'TG-016', NULL, 'TO001', 'ICT1222'),

    ('2024-09-11', 'Present', 'Lecture', 'TG-001', NULL, 'TO001', 'ICT1213'),
    ('2024-09-11', 'Present', 'Lecture', 'TG-002', NULL, 'TO001', 'ICT1213'),
    ('2024-09-11', 'Present', 'Lecture', 'TG-003', NULL, 'TO001', 'ICT1213'),
    ('2024-09-11', 'Present', 'Lecture', 'TG-004', NULL, 'TO001', 'ICT1213'),
    ('2024-09-11', 'Present', 'Lecture', 'TG-009', NULL, 'TO001', 'ICT1213'),
    ('2024-09-11', 'Present', 'Lecture', 'TG-014', NULL, 'TO001', 'ICT1213'),
    ('2024-09-11', 'Present', 'Lecture', 'TG-015', NULL, 'TO001', 'ICT1213'),
    ('2024-09-11', 'Present', 'Lecture', 'TG-016', NULL, 'TO001', 'ICT1213'), 

    ('2024-09-12', 'Absent', 'Lecture', 'TG-001', NULL, 'TO001', 'ICT1242'),
    ('2024-09-12', 'Present', 'Lecture', 'TG-002', NULL, 'TO001', 'ICT1242'),
    ('2024-09-12', 'Present', 'Lecture', 'TG-003', NULL, 'TO001', 'ICT1242'),
    ('2024-09-12', 'Present', 'Lecture', 'TG-004', NULL, 'TO001', 'ICT1242'),
    ('2024-09-12', 'Present', 'Lecture', 'TG-009', NULL, 'TO001', 'ICT1242'),
    ('2024-09-12', 'Present', 'Lecture', 'TG-014', NULL, 'TO001', 'ICT1242'),
    ('2024-09-12', 'Present', 'Lecture', 'TG-015', NULL, 'TO001', 'ICT1242'),
    ('2024-09-12', 'Present', 'Lecture', 'TG-016', NULL, 'TO001', 'ICT1242'),
    ('2024-09-12', 'Absent', 'Lecture', 'TG-001', NULL, 'TO001', 'ICT1253'),
    ('2024-09-12', 'Present', 'Lecture', 'TG-002', NULL, 'TO001', 'ICT1253'),
    ('2024-09-12', 'Present', 'Lecture', 'TG-003', NULL, 'TO001', 'ICT1253'),
    ('2024-09-12', 'Present', 'Lecture', 'TG-004', NULL, 'TO001', 'ICT1253'),
    ('2024-09-12', 'Present', 'Lecture', 'TG-009', NULL, 'TO001', 'ICT1253'),
    ('2024-09-12', 'Present', 'Lecture', 'TG-014', NULL, 'TO001', 'ICT1253'),
    ('2024-09-12', 'Present', 'Lecture', 'TG-015', NULL, 'TO001', 'ICT1253'),
    ('2024-09-12', 'Present', 'Lecture', 'TG-016', NULL, 'TO001', 'ICT1253'),

    ('2024-09-13', 'Present', 'Lecture', 'TG-001', NULL, 'TO001', 'ENG1212'),
    ('2024-09-13', 'Present', 'Lecture', 'TG-002', NULL, 'TO001', 'ENG1212'),
    ('2024-09-13', 'Present', 'Lecture', 'TG-003', NULL, 'TO001', 'ENG1212'),
    ('2024-09-13', 'Present', 'Lecture', 'TG-004', NULL, 'TO001', 'ENG1212'),
    ('2024-09-13', 'Present', 'Lecture', 'TG-009', NULL, 'TO001', 'ENG1212'), 
    ('2024-09-13', 'Present', 'Lecture', 'TG-014', NULL, 'TO001', 'ENG1212'),
    ('2024-09-13', 'Present', 'Lecture', 'TG-015', NULL, 'TO001', 'ENG1212'),
    ('2024-09-13', 'Present', 'Lecture', 'TG-016', NULL, 'TO001', 'ENG1212'),
    ('2024-09-13', 'Present', 'Lecture', 'TG-001', NULL, 'TO001', 'TCS1212'),
    ('2024-09-13', 'Present', 'Lecture', 'TG-002', NULL, 'TO001', 'TCS1212'),
    ('2024-09-13', 'Present', 'Lecture', 'TG-003', NULL, 'TO001', 'TCS1212'),
    ('2024-09-13', 'Present', 'Lecture', 'TG-004', NULL, 'TO001', 'TCS1212'),
    ('2024-09-13', 'Present', 'Lecture', 'TG-009', NULL, 'TO001', 'TCS1212'),
    ('2024-09-13', 'Present', 'Lecture', 'TG-014', NULL, 'TO001', 'TCS1212'),
    ('2024-09-13', 'Present', 'Lecture', 'TG-015', NULL, 'TO001', 'TCS1212'),
    ('2024-09-13', 'Present', 'Lecture', 'TG-016', NULL, 'TO001', 'TCS1212'),

    ('2024-09-16', 'Present', 'Lecture', 'TG-001', NULL, 'TO001', 'ICT1233'),
    ('2024-09-16', 'Present', 'Lecture', 'TG-002', NULL, 'TO001', 'ICT1233'),
    ('2024-09-16', 'Present', 'Lecture', 'TG-003', NULL, 'TO001', 'ICT1233'),
    ('2024-09-16', 'Absent', 'Lecture', 'TG-004', 'MD009', 'TO001', 'ICT1233'),
    ('2024-09-16', 'Present', 'Lecture', 'TG-009', NULL, 'TO001', 'ICT1233'),
    ('2024-09-16', 'Present', 'Lecture', 'TG-014', NULL, 'TO001', 'ICT1233'),
    ('2024-09-16', 'Present', 'Lecture', 'TG-015', NULL, 'TO001', 'ICT1233'),
    ('2024-09-16', 'Present', 'Lecture', 'TG-016', NULL, 'TO001', 'ICT1233'),

    ('2024-09-17', 'Present', 'Lecture', 'TG-001', NULL, 'TO001', 'ICT1212'),
    ('2024-09-17', 'Present', 'Lecture', 'TG-002', NULL, 'TO001', 'ICT1212'),
    ('2024-09-17', 'Present', 'Lecture', 'TG-003', NULL, 'TO001', 'ICT1212'),
    ('2024-09-17', 'Absent', 'Lecture', 'TG-004', 'MD009', 'TO001', 'ICT1212'),
    ('2024-09-17', 'Present', 'Lecture', 'TG-009', NULL, 'TO001', 'ICT1212'),
    ('2024-09-17', 'Present', 'Lecture', 'TG-014', NULL, 'TO001', 'ICT1212'),
    ('2024-09-17', 'Present', 'Lecture', 'TG-015', NULL, 'TO001', 'ICT1212'),
    ('2024-09-17', 'Present', 'Lecture', 'TG-016', NULL, 'TO001', 'ICT1212'),
    ('2024-09-17', 'Present', 'Practical', 'TG-001', NULL, 'TO001', 'ICT1222'),
    ('2024-09-17', 'Present', 'Practical', 'TG-002', NULL, 'TO001', 'ICT1222'),
    ('2024-09-17', 'Present', 'Practical', 'TG-003', NULL, 'TO001', 'ICT1222'),
    ('2024-09-17', 'Absent', 'Practical', 'TG-004', 'MD009', 'TO001', 'ICT1222'),   
    ('2024-09-17', 'Present', 'Practical', 'TG-009', NULL, 'TO001', 'ICT1222'),  
    ('2024-09-17', 'Present', 'Practical', 'TG-014', NULL, 'TO001', 'ICT1222'),
    ('2024-09-17', 'Present', 'Practical', 'TG-015', NULL, 'TO001', 'ICT1222'),
    ('2024-09-17', 'Present', 'Practical', 'TG-016', NULL, 'TO001', 'ICT1222'),

    ('2024-09-18', 'Present', 'Lecture', 'TG-001', NULL, 'TO001', 'ICT1213'),
    ('2024-09-18', 'Present', 'Lecture', 'TG-002', NULL, 'TO001', 'ICT1213'),
    ('2024-09-18', 'Present', 'Lecture', 'TG-003', NULL, 'TO001', 'ICT1213'),
    ('2024-09-18', 'Absent', 'Lecture', 'TG-004', 'MD009', 'TO001', 'ICT1213'),
    ('2024-09-18', 'Present', 'Lecture', 'TG-009', NULL, 'TO001', 'ICT1213'),
    ('2024-09-18', 'Present', 'Lecture', 'TG-014', NULL, 'TO001', 'ICT1213'),
    ('2024-09-18', 'Present', 'Lecture', 'TG-015', NULL, 'TO001', 'ICT1213'),
    ('2024-09-18', 'Present', 'Lecture', 'TG-016', NULL, 'TO001', 'ICT1213'),

    ('2024-09-19', 'Absent', 'Lecture', 'TG-001', NULL, 'TO001', 'ICT1242'),
    ('2024-09-19', 'Present', 'Lecture', 'TG-002', NULL, 'TO001', 'ICT1242'),
    ('2024-09-19', 'Present', 'Lecture', 'TG-003', NULL, 'TO001', 'ICT1242'),
    ('2024-09-19', 'Present', 'Lecture', 'TG-004', NULL, 'TO001', 'ICT1242'),
    ('2024-09-19', 'Present', 'Lecture', 'TG-009', NULL, 'TO001', 'ICT1242'),
    ('2024-09-19', 'Absent', 'Lecture', 'TG-014', NULL, 'TO001', 'ICT1242'),
    ('2024-09-19', 'Absent', 'Lecture', 'TG-015', NULL, 'TO001', 'ICT1242'),
    ('2024-09-19', 'Present', 'Lecture', 'TG-016', NULL, 'TO001', 'ICT1242'),
    ('2024-09-19', 'Absent', 'Lecture', 'TG-001', NULL, 'TO001', 'ICT1253'),
    ('2024-09-19', 'Present', 'Lecture', 'TG-002', NULL, 'TO001', 'ICT1253'),
    ('2024-09-19', 'Present', 'Lecture', 'TG-003', NULL, 'TO001', 'ICT1253'),
    ('2024-09-19', 'Present', 'Lecture', 'TG-004', NULL, 'TO001', 'ICT1253'),
    ('2024-09-19', 'Present', 'Lecture', 'TG-009', NULL, 'TO001', 'ICT1253'),
    ('2024-09-19', 'Absent', 'Lecture', 'TG-014', NULL, 'TO001', 'ICT1253'),
    ('2024-09-19', 'Absent', 'Lecture', 'TG-015', NULL, 'TO001', 'ICT1253'),
    ('2024-09-19', 'Present', 'Lecture', 'TG-016', NULL, 'TO001', 'ICT1253'),

    ('2024-09-20', 'Present', 'Lecture', 'TG-001', NULL, 'TO001', 'ENG1212'),
    ('2024-09-20', 'Present', 'Lecture', 'TG-002', NULL, 'TO001', 'ENG1212'),
    ('2024-09-20', 'Present', 'Lecture', 'TG-003', NULL, 'TO001', 'ENG1212'),
    ('2024-09-20', 'Absent', 'Lecture', 'TG-004', NULL, 'TO001', 'ENG1212'),
    ('2024-09-20', 'Present', 'Lecture', 'TG-009', NULL, 'TO001', 'ENG1212'),
    ('2024-09-20', 'Present', 'Lecture', 'TG-014', NULL, 'TO001', 'ENG1212'),
    ('2024-09-20', 'Present', 'Lecture', 'TG-015', NULL, 'TO001', 'ENG1212'),
    ('2024-09-20', 'Present', 'Lecture', 'TG-016', NULL, 'TO001', 'ENG1212'),
    ('2024-09-20', 'Present', 'Lecture', 'TG-001', NULL, 'TO001', 'TCS1212'),
    ('2024-09-20', 'Present', 'Lecture', 'TG-002', NULL, 'TO001', 'TCS1212'),
    ('2024-09-20', 'Present', 'Lecture', 'TG-003', NULL, 'TO001', 'TCS1212'),
    ('2024-09-20', 'Absent', 'Lecture', 'TG-004', NULL, 'TO001', 'TCS1212'),
    ('2024-09-20', 'Present', 'Lecture', 'TG-009', NULL, 'TO001', 'TCS1212'),
    ('2024-09-20', 'Present', 'Lecture', 'TG-014', NULL, 'TO001', 'TCS1212'),
    ('2024-09-20', 'Present', 'Lecture', 'TG-015', NULL, 'TO001', 'TCS1212'),
    ('2024-09-20', 'Present', 'Lecture', 'TG-016', NULL, 'TO001', 'TCS1212'),

    ('2024-09-23', 'Present', 'Lecture', 'TG-001', NULL, 'TO001', 'ICT1233'),
    ('2024-09-23', 'Present', 'Lecture', 'TG-002', NULL, 'TO001', 'ICT1233'),
    ('2024-09-23', 'Present', 'Lecture', 'TG-003', NULL, 'TO001', 'ICT1233'),
    ('2024-09-23', 'Present', 'Lecture', 'TG-004', 'MD010', 'TO001', 'ICT1233'),
    ('2024-09-23', 'Present', 'Lecture', 'TG-009', NULL, 'TO001', 'ICT1233'),
    ('2024-09-23', 'Present', 'Lecture', 'TG-014', NULL, 'TO001', 'ICT1233'),
    ('2024-09-23', 'Present', 'Lecture', 'TG-015', NULL, 'TO001', 'ICT1233'),
    ('2024-09-23', 'Present', 'Lecture', 'TG-016', NULL, 'TO001', 'ICT1233'),

    ('2024-09-24', 'Present', 'Lecture', 'TG-001', NULL, 'TO001', 'ICT1212'),
    ('2024-09-24', 'Present', 'Lecture', 'TG-002', NULL, 'TO001', 'ICT1212'),
    ('2024-09-24', 'Present', 'Lecture', 'TG-003', NULL, 'TO001', 'ICT1212'),
    ('2024-09-24', 'Absent', 'Lecture', 'TG-004', 'MD010', 'TO001', 'ICT1212'),
    ('2024-09-24', 'Present', 'Lecture', 'TG-009', NULL, 'TO001', 'ICT1212'),
    ('2024-09-24', 'Present', 'Lecture', 'TG-014', NULL, 'TO001', 'ICT1212'),
    ('2024-09-24', 'Present', 'Lecture', 'TG-015', NULL, 'TO001', 'ICT1212'),
    ('2024-09-24', 'Present', 'Lecture', 'TG-016', NULL, 'TO001', 'ICT1212'),
    ('2024-09-24', 'Present', 'Practical', 'TG-001', NULL, 'TO001', 'ICT1222'),
    ('2024-09-24', 'Present', 'Practical', 'TG-002', NULL, 'TO001', 'ICT1222'),
    ('2024-09-24', 'Present', 'Practical', 'TG-003', NULL, 'TO001', 'ICT1222'),
    ('2024-09-24', 'Absent', 'Practical', 'TG-004', 'MD010', 'TO001', 'ICT1222'),  
    ('2024-09-24', 'Present', 'Practical', 'TG-009', NULL, 'TO001', 'ICT1222'), 
    ('2024-09-24', 'Present', 'Practical', 'TG-014', NULL, 'TO001', 'ICT1222'), 
    ('2024-09-24', 'Present', 'Practical', 'TG-015', NULL, 'TO001', 'ICT1222'),
    ('2024-09-24', 'Present', 'Practical', 'TG-016', NULL, 'TO001', 'ICT1222'),

    ('2024-09-25', 'Present', 'Lecture', 'TG-001', NULL, 'TO001', 'ICT1213'),
    ('2024-09-25', 'Present', 'Lecture', 'TG-002', NULL, 'TO001', 'ICT1213'),
    ('2024-09-25', 'Present', 'Lecture', 'TG-003', NULL, 'TO001', 'ICT1213'),
    ('2024-09-25', 'Absent', 'Lecture', 'TG-004', NULL, 'TO001', 'ICT1213'),
    ('2024-09-25', 'Present', 'Lecture', 'TG-009', NULL, 'TO001', 'ICT1213'),
    ('2024-09-25', 'Present', 'Lecture', 'TG-014', NULL, 'TO001', 'ICT1213'), 
    ('2024-09-25', 'Present', 'Lecture', 'TG-015', NULL, 'TO001', 'ICT1213'),
    ('2024-09-25', 'Absent', 'Lecture', 'TG-016', NULL, 'TO001', 'ICT1213'),   

    ('2024-09-26', 'Present', 'Lecture', 'TG-001', NULL, 'TO001', 'ICT1242'),
    ('2024-09-26', 'Present', 'Lecture', 'TG-002', NULL, 'TO001', 'ICT1242'),
    ('2024-09-26', 'Present', 'Lecture', 'TG-003', NULL, 'TO001', 'ICT1242'),
    ('2024-09-26', 'Present', 'Lecture', 'TG-004', NULL, 'TO001', 'ICT1242'),
    ('2024-09-26', 'Absent', 'Lecture', 'TG-009', NULL, 'TO001', 'ICT1242'),
    ('2024-09-26', 'Present', 'Lecture', 'TG-014', NULL, 'TO001', 'ICT1242'),
    ('2024-09-26', 'Present', 'Lecture', 'TG-015', NULL, 'TO001', 'ICT1242'),
    ('2024-09-26', 'Present', 'Lecture', 'TG-016', NULL, 'TO001', 'ICT1242'),
    ('2024-09-26', 'Present', 'Lecture', 'TG-001', NULL, 'TO001', 'ICT1253'),
    ('2024-09-26', 'Present', 'Lecture', 'TG-002', NULL, 'TO001', 'ICT1253'),
    ('2024-09-26', 'Absent', 'Lecture', 'TG-003', NULL, 'TO001', 'ICT1253'),
    ('2024-09-26', 'Present', 'Lecture', 'TG-004', NULL, 'TO001', 'ICT1253'),
    ('2024-09-26', 'Present', 'Lecture', 'TG-009', NULL, 'TO001', 'ICT1253'),
    ('2024-09-26', 'Present', 'Lecture', 'TG-014', NULL, 'TO001', 'ICT1253'),
    ('2024-09-26', 'Present', 'Lecture', 'TG-015', NULL, 'TO001', 'ICT1253'),
    ('2024-09-26', 'Absent', 'Lecture', 'TG-016', NULL, 'TO001', 'ICT1253'),

    ('2024-09-27', 'Present', 'Lecture', 'TG-001', NULL, 'TO001', 'ENG1212'),
    ('2024-09-27', 'Present', 'Lecture', 'TG-002', NULL, 'TO001', 'ENG1212'),
    ('2024-09-27', 'Present', 'Lecture', 'TG-003', NULL, 'TO001', 'ENG1212'),
    ('2024-09-27', 'Present', 'Lecture', 'TG-004', NULL, 'TO001', 'ENG1212'),
    ('2024-09-27', 'Present', 'Lecture', 'TG-009', NULL, 'TO001', 'ENG1212'),
    ('2024-09-27', 'Present', 'Lecture', 'TG-014', NULL, 'TO001', 'ENG1212'),
    ('2024-09-27', 'Present', 'Lecture', 'TG-015', NULL, 'TO001', 'ENG1212'),
    ('2024-09-27', 'Present', 'Lecture', 'TG-016', NULL, 'TO001', 'ENG1212'),
    ('2024-09-27', 'Present', 'Lecture', 'TG-001', NULL, 'TO001', 'TCS1212'),
    ('2024-09-27', 'Absent', 'Lecture', 'TG-002', NULL, 'TO001', 'TCS1212'),
    ('2024-09-27', 'Present', 'Lecture', 'TG-003', NULL, 'TO001', 'TCS1212'),
    ('2024-09-27', 'Present', 'Lecture', 'TG-004', NULL, 'TO001', 'TCS1212'),
    ('2024-09-27', 'Present', 'Lecture', 'TG-009', NULL, 'TO001', 'TCS1212'), 
    ('2024-09-27', 'Present', 'Lecture', 'TG-014', NULL, 'TO001', 'TCS1212'),
    ('2024-09-27', 'Present', 'Lecture', 'TG-015', NULL, 'TO001', 'TCS1212'),
    ('2024-09-27', 'Present', 'Lecture', 'TG-016', NULL, 'TO001', 'TCS1212'),

    ('2024-09-30', 'Present', 'Lecture', 'TG-001', NULL, 'TO001', 'ICT1233'),
    ('2024-09-30', 'Present', 'Lecture', 'TG-002', NULL, 'TO001', 'ICT1233'),
    ('2024-09-30', 'Present', 'Lecture', 'TG-003', NULL, 'TO001', 'ICT1233'),
    ('2024-09-30', 'Present', 'Lecture', 'TG-004', NULL, 'TO001', 'ICT1233'),
    ('2024-09-30', 'Absent', 'Lecture', 'TG-009', NULL, 'TO001', 'ICT1233'),
    ('2024-09-30', 'Present', 'Lecture', 'TG-014', NULL, 'TO001', 'ICT1233'),
    ('2024-09-30', 'Present', 'Lecture', 'TG-015', NULL, 'TO001', 'ICT1233'),
    ('2024-09-30', 'Present', 'Lecture', 'TG-016', NULL, 'TO001', 'ICT1233'),

    ('2024-10-01', 'Present', 'Lecture', 'TG-001', NULL, 'TO001', 'ICT1212'),
    ('2024-10-01', 'Present', 'Lecture', 'TG-002', NULL, 'TO001', 'ICT1212'),
    ('2024-10-01', 'Present', 'Lecture', 'TG-003', NULL, 'TO001', 'ICT1212'),
    ('2024-10-01', 'Present', 'Lecture', 'TG-004', NULL, 'TO001', 'ICT1212'),
    ('2024-10-01', 'Present', 'Lecture', 'TG-009', NULL, 'TO001', 'ICT1212'),
    ('2024-10-01', 'Present', 'Lecture', 'TG-014', NULL, 'TO001', 'ICT1212'),
    ('2024-10-01', 'Present', 'Lecture', 'TG-015', NULL, 'TO001', 'ICT1212'),
    ('2024-10-01', 'Absent', 'Lecture', 'TG-016', NULL, 'TO001', 'ICT1212'),
    ('2024-10-01', 'Present', 'Practical', 'TG-001', NULL, 'TO001', 'ICT1222'),
    ('2024-10-01', 'Present', 'Practical', 'TG-002', NULL, 'TO001', 'ICT1222'),
    ('2024-10-01', 'Present', 'Practical', 'TG-003', NULL, 'TO001', 'ICT1222'),
    ('2024-10-01', 'Present', 'Practical', 'TG-004', NULL, 'TO001', 'ICT1222'),    
    ('2024-10-01', 'Present', 'Practical', 'TG-009', NULL, 'TO001', 'ICT1222'),
    ('2024-10-01', 'Present', 'Practical', 'TG-014', NULL, 'TO001', 'ICT1222'),
    ('2024-10-01', 'Present', 'Practical', 'TG-015', NULL, 'TO001', 'ICT1222'),
    ('2024-10-01', 'Absent', 'Practical', 'TG-016', NULL, 'TO001', 'ICT1222'),

    ('2024-10-02', 'Present', 'Lecture', 'TG-001', NULL, 'TO001', 'ICT1213'),
    ('2024-10-02', 'Present', 'Lecture', 'TG-002', NULL, 'TO001', 'ICT1213'),
    ('2024-10-02', 'Present', 'Lecture', 'TG-003', NULL, 'TO001', 'ICT1213'),
    ('2024-10-02', 'Present', 'Lecture', 'TG-004', NULL, 'TO001', 'ICT1213'),
    ('2024-10-02', 'Present', 'Lecture', 'TG-009', NULL, 'TO001', 'ICT1213'),
    ('2024-10-02', 'Present', 'Lecture', 'TG-014', NULL, 'TO001', 'ICT1213'),
    ('2024-10-02', 'Present', 'Lecture', 'TG-015', NULL, 'TO001', 'ICT1213'),
    ('2024-10-02', 'Present', 'Lecture', 'TG-016', NULL, 'TO001', 'ICT1213'),

    ('2024-10-03', 'Present', 'Lecture', 'TG-001', NULL, 'TO001', 'ICT1242'),
    ('2024-10-03', 'Present', 'Lecture', 'TG-002', NULL, 'TO001', 'ICT1242'),
    ('2024-10-03', 'Present', 'Lecture', 'TG-003', NULL, 'TO001', 'ICT1242'),
    ('2024-10-03', 'Present', 'Lecture', 'TG-004', NULL, 'TO001', 'ICT1242'),
    ('2024-10-03', 'Present', 'Lecture', 'TG-009', NULL, 'TO001', 'ICT1242'),
    ('2024-10-03', 'Present', 'Lecture', 'TG-014', NULL, 'TO001', 'ICT1242'),
    ('2024-10-03', 'Present', 'Lecture', 'TG-015', NULL, 'TO001', 'ICT1242'),
    ('2024-10-03', 'Present', 'Lecture', 'TG-016', NULL, 'TO001', 'ICT1242'),
    ('2024-10-03', 'Present', 'Lecture', 'TG-001', NULL, 'TO001', 'ICT1253'),
    ('2024-10-03', 'Present', 'Lecture', 'TG-002', NULL, 'TO001', 'ICT1253'),
    ('2024-10-03', 'Present', 'Lecture', 'TG-003', NULL, 'TO001', 'ICT1253'),
    ('2024-10-03', 'Present', 'Lecture', 'TG-004', NULL, 'TO001', 'ICT1253'),
    ('2024-10-03', 'Present', 'Lecture', 'TG-009', NULL, 'TO001', 'ICT1253'),
    ('2024-10-03', 'Present', 'Lecture', 'TG-014', NULL, 'TO001', 'ICT1253'),
    ('2024-10-03', 'Present', 'Lecture', 'TG-015', NULL, 'TO001', 'ICT1253'),
    ('2024-10-03', 'Present', 'Lecture', 'TG-016', NULL, 'TO001', 'ICT1253'),


    ('2024-10-04', 'Present', 'Lecture', 'TG-001', NULL, 'TO001', 'ENG1212'),
    ('2024-10-04', 'Present', 'Lecture', 'TG-002', NULL, 'TO001', 'ENG1212'),
    ('2024-10-04', 'Present', 'Lecture', 'TG-003', NULL, 'TO001', 'ENG1212'),
    ('2024-10-04', 'Present', 'Lecture', 'TG-004', NULL, 'TO001', 'ENG1212'),
    ('2024-10-04', 'Present', 'Lecture', 'TG-009', NULL, 'TO001', 'ENG1212'),
    ('2024-10-04', 'Present', 'Lecture', 'TG-014', NULL, 'TO001', 'ENG1212'),
    ('2024-10-04', 'Present', 'Lecture', 'TG-015', NULL, 'TO001', 'ENG1212'),
    ('2024-10-04', 'Present', 'Lecture', 'TG-016', NULL, 'TO001', 'ENG1212'),
    ('2024-10-04', 'Present', 'Lecture', 'TG-001', NULL, 'TO001', 'TCS1212'),
    ('2024-10-04', 'Present', 'Lecture', 'TG-002', NULL, 'TO001', 'TCS1212'),
    ('2024-10-04', 'Present', 'Lecture', 'TG-003', NULL, 'TO001', 'TCS1212'),
    ('2024-10-04', 'Present', 'Lecture', 'TG-004', NULL, 'TO001', 'TCS1212'),
    ('2024-10-04', 'Present', 'Lecture', 'TG-009', NULL, 'TO001', 'TCS1212'),
    ('2024-10-04', 'Present', 'Lecture', 'TG-014', NULL, 'TO001', 'TCS1212'),
    ('2024-10-04', 'Present', 'Lecture', 'TG-015', NULL, 'TO001', 'TCS1212'),
    ('2024-10-04', 'Present', 'Lecture', 'TG-016', NULL, 'TO001', 'TCS1212'),

    ('2024-10-07', 'Present', 'Lecture', 'TG-001', NULL, 'TO001', 'ICT1233'),
    ('2024-10-07', 'Present', 'Lecture', 'TG-002', NULL, 'TO001', 'ICT1233'),
    ('2024-10-07', 'Present', 'Lecture', 'TG-003', NULL, 'TO001', 'ICT1233'),
    ('2024-10-07', 'Absent', 'Lecture', 'TG-004', NULL, 'TO001', 'ICT1233'),
    ('2024-10-07', 'Present', 'Lecture', 'TG-009', NULL, 'TO001', 'ICT1233'),
    ('2024-10-07', 'Absent', 'Lecture', 'TG-014', NULL, 'TO001', 'ICT1233'),
    ('2024-10-07', 'Present', 'Lecture', 'TG-015', NULL, 'TO001', 'ICT1233'),
    ('2024-10-07', 'Present', 'Lecture', 'TG-016', NULL, 'TO001', 'ICT1233'),

    ('2024-10-08', 'Present', 'Lecture', 'TG-001', NULL, 'TO001', 'ICT1212'),
    ('2024-10-08', 'Present', 'Lecture', 'TG-002', NULL, 'TO001', 'ICT1212'),
    ('2024-10-08', 'Present', 'Lecture', 'TG-003', NULL, 'TO001', 'ICT1212'),
    ('2024-10-08', 'Absent', 'Lecture', 'TG-004', NULL, 'TO001', 'ICT1212'),
    ('2024-10-08', 'Present', 'Lecture', 'TG-009', NULL, 'TO001', 'ICT1212'),
    ('2024-10-08', 'Present', 'Lecture', 'TG-014', NULL, 'TO001', 'ICT1212'),
    ('2024-10-08', 'Present', 'Lecture', 'TG-015', NULL, 'TO001', 'ICT1212'),
    ('2024-10-08', 'Absent', 'Lecture', 'TG-016', NULL, 'TO001', 'ICT1212'),
    ('2024-10-08', 'Present', 'Practical', 'TG-001', NULL, 'TO001', 'ICT1222'),
    ('2024-10-08', 'Present', 'Practical', 'TG-002', NULL, 'TO001', 'ICT1222'),
    ('2024-10-08', 'Present', 'Practical', 'TG-003', NULL, 'TO001', 'ICT1222'),
    ('2024-10-08', 'Absent', 'Practical', 'TG-004', NULL, 'TO001', 'ICT1222'),   
    ('2024-10-08', 'Present', 'Practical', 'TG-009', NULL, 'TO001', 'ICT1222'),  
    ('2024-10-08', 'Present', 'Practical', 'TG-014', NULL, 'TO001', 'ICT1222'),
    ('2024-10-08', 'Present', 'Practical', 'TG-015', NULL, 'TO001', 'ICT1222'),
    ('2024-10-08', 'Absent', 'Practical', 'TG-016', NULL, 'TO001', 'ICT1222'),

    ('2024-10-09', 'Present', 'Lecture', 'TG-001', NULL, 'TO001', 'ICT1213'),
    ('2024-10-09', 'Absent', 'Lecture', 'TG-002', NULL, 'TO001', 'ICT1213'),
    ('2024-10-09', 'Present', 'Lecture', 'TG-003', NULL, 'TO001', 'ICT1213'),
    ('2024-10-09', 'Present', 'Lecture', 'TG-004', NULL, 'TO001', 'ICT1213'),
    ('2024-10-09', 'Present', 'Lecture', 'TG-009', NULL, 'TO001', 'ICT1213'),
    ('2024-10-09', 'Present', 'Lecture', 'TG-014', NULL, 'TO001', 'ICT1213'),
    ('2024-10-09', 'Present', 'Lecture', 'TG-015', NULL, 'TO001', 'ICT1213'),
    ('2024-10-09', 'Present', 'Lecture', 'TG-016', NULL, 'TO001', 'ICT1213'), 

    ('2024-10-10', 'Present', 'Lecture', 'TG-001', NULL, 'TO001', 'ICT1242'),
    ('2024-10-10', 'Present', 'Lecture', 'TG-002', NULL, 'TO001', 'ICT1242'),
    ('2024-10-10', 'Present', 'Lecture', 'TG-003', NULL, 'TO001', 'ICT1242'),
    ('2024-10-10', 'Present', 'Lecture', 'TG-004', NULL, 'TO001', 'ICT1242'),
    ('2024-10-10', 'Absent', 'Lecture', 'TG-009', NULL, 'TO001', 'ICT1242'),
    ('2024-10-10', 'Present', 'Lecture', 'TG-014', NULL, 'TO001', 'ICT1242'),
    ('2024-10-10', 'Present', 'Lecture', 'TG-015', NULL, 'TO001', 'ICT1242'),
    ('2024-10-10', 'Present', 'Lecture', 'TG-016', NULL, 'TO001', 'ICT1242'),
    ('2024-10-10', 'Present', 'Lecture', 'TG-001', NULL, 'TO001', 'ICT1253'),
    ('2024-10-10', 'Present', 'Lecture', 'TG-002', NULL, 'TO001', 'ICT1253'),
    ('2024-10-10', 'Present', 'Lecture', 'TG-003', NULL, 'TO001', 'ICT1253'),
    ('2024-10-10', 'Present', 'Lecture', 'TG-004', NULL, 'TO001', 'ICT1253'),
    ('2024-10-10', 'Absent', 'Lecture', 'TG-009', NULL, 'TO001', 'ICT1253'),
    ('2024-10-10', 'Present', 'Lecture', 'TG-014', NULL, 'TO001', 'ICT1253'),
    ('2024-10-10', 'Present', 'Lecture', 'TG-015', NULL, 'TO001', 'ICT1253'),
    ('2024-10-10', 'Present', 'Lecture', 'TG-016', NULL, 'TO001', 'ICT1253'),

    ('2024-10-11', 'Present', 'Lecture', 'TG-001', NULL, 'TO001', 'ENG1212'),
    ('2024-10-11', 'Present', 'Lecture', 'TG-002', NULL, 'TO001', 'ENG1212'),
    ('2024-10-11', 'Present', 'Lecture', 'TG-003', NULL, 'TO001', 'ENG1212'),
    ('2024-10-11', 'Present', 'Lecture', 'TG-004', NULL, 'TO001', 'ENG1212'),
    ('2024-10-11', 'Absent', 'Lecture', 'TG-009', NULL, 'TO001', 'ENG1212'), 
    ('2024-10-11', 'Present', 'Lecture', 'TG-014', NULL, 'TO001', 'ENG1212'),
    ('2024-10-11', 'Present', 'Lecture', 'TG-015', NULL, 'TO001', 'ENG1212'),
    ('2024-10-11', 'Present', 'Lecture', 'TG-016', NULL, 'TO001', 'ENG1212'),
    ('2024-10-11', 'Present', 'Lecture', 'TG-001', NULL, 'TO001', 'TCS1212'),
    ('2024-10-11', 'Present', 'Lecture', 'TG-002', NULL, 'TO001', 'TCS1212'),
    ('2024-10-11', 'Present', 'Lecture', 'TG-003', NULL, 'TO001', 'TCS1212'),
    ('2024-10-11', 'Absent', 'Lecture', 'TG-004', NULL, 'TO001', 'TCS1212'),
    ('2024-10-11', 'Absent', 'Lecture', 'TG-009', NULL, 'TO001', 'TCS1212'),
    ('2024-10-11', 'Present', 'Lecture', 'TG-014', NULL, 'TO001', 'TCS1212'),
    ('2024-10-11', 'Present', 'Lecture', 'TG-015', NULL, 'TO001', 'TCS1212'),
    ('2024-10-11', 'Present', 'Lecture', 'TG-016', NULL, 'TO001', 'TCS1212'),

    ('2024-10-14', 'Present', 'Lecture', 'TG-001', NULL, 'TO001', 'ICT1233'),
    ('2024-10-14', 'Present', 'Lecture', 'TG-002', NULL, 'TO001', 'ICT1233'),
    ('2024-10-14', 'Present', 'Lecture', 'TG-003', NULL, 'TO001', 'ICT1233'),
    ('2024-10-14', 'Present', 'Lecture', 'TG-004', NULL, 'TO001', 'ICT1233'),
    ('2024-10-14', 'Absent', 'Lecture', 'TG-009', NULL, 'TO001', 'ICT1233'),
    ('2024-10-14', 'Present', 'Lecture', 'TG-014', NULL, 'TO001', 'ICT1233'),
    ('2024-10-14', 'Present', 'Lecture', 'TG-015', NULL, 'TO001', 'ICT1233'),
    ('2024-10-14', 'Present', 'Lecture', 'TG-016', NULL, 'TO001', 'ICT1233'),

    ('2024-10-15', 'Present', 'Lecture', 'TG-001', NULL, 'TO001', 'ICT1212'),
    ('2024-10-15', 'Present', 'Lecture', 'TG-002', NULL, 'TO001', 'ICT1212'),
    ('2024-10-15', 'Present', 'Lecture', 'TG-003', NULL, 'TO001', 'ICT1212'),
    ('2024-10-15', 'Present', 'Lecture', 'TG-004', NULL, 'TO001', 'ICT1212'),
    ('2024-10-15', 'Absent', 'Lecture', 'TG-009', NULL, 'TO001', 'ICT1212'),
    ('2024-10-15', 'Present', 'Lecture', 'TG-014', NULL, 'TO001', 'ICT1212'),
    ('2024-10-15', 'Present', 'Lecture', 'TG-015', NULL, 'TO001', 'ICT1212'),
    ('2024-10-15', 'Present', 'Lecture', 'TG-016', NULL, 'TO001', 'ICT1212'),
    ('2024-10-15', 'Present', 'Practical', 'TG-001', NULL, 'TO001', 'ICT1222'),
    ('2024-10-15', 'Present', 'Practical', 'TG-002', NULL, 'TO001', 'ICT1222'),
    ('2024-10-15', 'Present', 'Practical', 'TG-003', NULL, 'TO001', 'ICT1222'),
    ('2024-10-15', 'Present', 'Practical', 'TG-004', NULL, 'TO001', 'ICT1222'),   
    ('2024-10-15', 'Absent', 'Practical', 'TG-009', NULL, 'TO001', 'ICT1222'),  
    ('2024-10-15', 'Present', 'Practical', 'TG-014', NULL, 'TO001', 'ICT1222'),
    ('2024-10-15', 'Present', 'Practical', 'TG-015', NULL, 'TO001', 'ICT1222'),
    ('2024-10-15', 'Present', 'Practical', 'TG-016', NULL, 'TO001', 'ICT1222'),

    ('2024-10-16', 'Present', 'Lecture', 'TG-001', NULL, 'TO001', 'ICT1213'),
    ('2024-10-16', 'Present', 'Lecture', 'TG-002', NULL, 'TO001', 'ICT1213'),
    ('2024-10-16', 'Present', 'Lecture', 'TG-003', NULL, 'TO001', 'ICT1213'),
    ('2024-10-16', 'Present', 'Lecture', 'TG-004', NULL, 'TO001', 'ICT1213'),
    ('2024-10-16', 'Absent', 'Lecture', 'TG-009', NULL, 'TO001', 'ICT1213'),
    ('2024-10-16', 'Present', 'Lecture', 'TG-014', NULL, 'TO001', 'ICT1213'),
    ('2024-10-16', 'Present', 'Lecture', 'TG-015', NULL, 'TO001', 'ICT1213'),
    ('2024-10-16', 'Present', 'Lecture', 'TG-016', NULL, 'TO001', 'ICT1213'),

    ('2024-10-17', 'Present', 'Lecture', 'TG-001', NULL, 'TO001', 'ICT1242'),
    ('2024-10-17', 'Present', 'Lecture', 'TG-002', NULL, 'TO001', 'ICT1242'),
    ('2024-10-17', 'Present', 'Lecture', 'TG-003', NULL, 'TO001', 'ICT1242'),
    ('2024-10-17', 'Present', 'Lecture', 'TG-004', NULL, 'TO001', 'ICT1242'),
    ('2024-10-17', 'Present', 'Lecture', 'TG-009', NULL, 'TO001', 'ICT1242'),
    ('2024-10-17', 'Present', 'Lecture', 'TG-014', NULL, 'TO001', 'ICT1242'),
    ('2024-10-17', 'Present', 'Lecture', 'TG-015', NULL, 'TO001', 'ICT1242'),
    ('2024-10-17', 'Present', 'Lecture', 'TG-016', NULL, 'TO001', 'ICT1242'),
    ('2024-10-17', 'Present', 'Lecture', 'TG-001', NULL, 'TO001', 'ICT1253'),
    ('2024-10-17', 'Present', 'Lecture', 'TG-002', NULL, 'TO001', 'ICT1253'),
    ('2024-10-17', 'Present', 'Lecture', 'TG-003', NULL, 'TO001', 'ICT1253'),
    ('2024-10-17', 'Present', 'Lecture', 'TG-004', NULL, 'TO001', 'ICT1253'),
    ('2024-10-17', 'Present', 'Lecture', 'TG-009', NULL, 'TO001', 'ICT1253'),
    ('2024-10-17', 'Present', 'Lecture', 'TG-014', NULL, 'TO001', 'ICT1253'),
    ('2024-10-17', 'Present', 'Lecture', 'TG-015', NULL, 'TO001', 'ICT1253'),
    ('2024-10-17', 'Present', 'Lecture', 'TG-016', NULL, 'TO001', 'ICT1253'),

    ('2024-10-18', 'Present', 'Lecture', 'TG-001', NULL, 'TO001', 'ENG1212'),
    ('2024-10-18', 'Present', 'Lecture', 'TG-002', NULL, 'TO001', 'ENG1212'),
    ('2024-10-18', 'Absent', 'Lecture', 'TG-003', NULL, 'TO001', 'ENG1212'),
    ('2024-10-18', 'Present', 'Lecture', 'TG-004', NULL, 'TO001', 'ENG1212'),
    ('2024-10-18', 'Present', 'Lecture', 'TG-009', NULL, 'TO001', 'ENG1212'),
    ('2024-10-18', 'Present', 'Lecture', 'TG-014', NULL, 'TO001', 'ENG1212'),
    ('2024-10-18', 'Absent', 'Lecture', 'TG-015', NULL, 'TO001', 'ENG1212'),
    ('2024-10-18', 'Present', 'Lecture', 'TG-016', NULL, 'TO001', 'ENG1212'),
    ('2024-10-18', 'Present', 'Lecture', 'TG-001', NULL, 'TO001', 'TCS1212'),
    ('2024-10-18', 'Present', 'Lecture', 'TG-002', NULL, 'TO001', 'TCS1212'),
    ('2024-10-18', 'Present', 'Lecture', 'TG-003', NULL, 'TO001', 'TCS1212'),
    ('2024-10-18', 'Present', 'Lecture', 'TG-004', NULL, 'TO001', 'TCS1212'),
    ('2024-10-18', 'Present', 'Lecture', 'TG-009', NULL, 'TO001', 'TCS1212'),
    ('2024-10-18', 'Present', 'Lecture', 'TG-014', NULL, 'TO001', 'TCS1212'),
    ('2024-10-18', 'Present', 'Lecture', 'TG-015', NULL, 'TO001', 'TCS1212'),
    ('2024-10-18', 'Present', 'Lecture', 'TG-016', NULL, 'TO001', 'TCS1212'),

    ('2024-10-21', 'Present', 'Lecture', 'TG-001', NULL, 'TO001', 'ICT1233'),
    ('2024-10-21', 'Absent', 'Lecture', 'TG-002', NULL, 'TO001', 'ICT1233'),
    ('2024-10-21', 'Present', 'Lecture', 'TG-003', NULL, 'TO001', 'ICT1233'),
    ('2024-10-21', 'Present', 'Lecture', 'TG-004', NULL, 'TO001', 'ICT1233'),
    ('2024-10-21', 'Present', 'Lecture', 'TG-009', NULL, 'TO001', 'ICT1233'),
    ('2024-10-21', 'Present', 'Lecture', 'TG-014', NULL, 'TO001', 'ICT1233'),
    ('2024-10-21', 'Absent', 'Lecture', 'TG-015', NULL, 'TO001', 'ICT1233'),
    ('2024-10-21', 'Present', 'Lecture', 'TG-016', NULL, 'TO001', 'ICT1233'),

    ('2024-10-22', 'Present', 'Lecture', 'TG-001', NULL, 'TO001', 'ICT1212'),
    ('2024-10-22', 'Present', 'Lecture', 'TG-002', NULL, 'TO001', 'ICT1212'),
    ('2024-10-22', 'Present', 'Lecture', 'TG-003', NULL, 'TO001', 'ICT1212'),
    ('2024-10-22', 'Present', 'Lecture', 'TG-004', NULL, 'TO001', 'ICT1212'),
    ('2024-10-22', 'Present', 'Lecture', 'TG-009', NULL, 'TO001', 'ICT1212'),
    ('2024-10-22', 'Present', 'Lecture', 'TG-014', NULL, 'TO001', 'ICT1212'),
    ('2024-10-22', 'Present', 'Lecture', 'TG-015', NULL, 'TO001', 'ICT1212'),
    ('2024-10-22', 'Present', 'Lecture', 'TG-016', NULL, 'TO001', 'ICT1212'),
    ('2024-10-22', 'Present', 'Practical', 'TG-001', NULL, 'TO001', 'ICT1222'),
    ('2024-10-22', 'Present', 'Practical', 'TG-002', NULL, 'TO001', 'ICT1222'),
    ('2024-10-22', 'Present', 'Practical', 'TG-003', NULL, 'TO001', 'ICT1222'),
    ('2024-10-22', 'Present', 'Practical', 'TG-004', NULL, 'TO001', 'ICT1222'),  
    ('2024-10-22', 'Present', 'Practical', 'TG-009', NULL, 'TO001', 'ICT1222'), 
    ('2024-10-22', 'Present', 'Practical', 'TG-014', NULL, 'TO001', 'ICT1222'), 
    ('2024-10-22', 'Present', 'Practical', 'TG-015', NULL, 'TO001', 'ICT1222'),
    ('2024-10-22', 'Present', 'Practical', 'TG-016', NULL, 'TO001', 'ICT1222'),

    ('2024-10-23', 'Present', 'Lecture', 'TG-001', NULL, 'TO001', 'ICT1213'),
    ('2024-10-23', 'Absent', 'Lecture', 'TG-002', NULL, 'TO001', 'ICT1213'),
    ('2024-10-23', 'Present', 'Lecture', 'TG-003', NULL, 'TO001', 'ICT1213'),
    ('2024-10-23', 'Present', 'Lecture', 'TG-004', NULL, 'TO001', 'ICT1213'),
    ('2024-10-23', 'Present', 'Lecture', 'TG-009', NULL, 'TO001', 'ICT1213'),
    ('2024-10-23', 'Present', 'Lecture', 'TG-014', NULL, 'TO001', 'ICT1213'), 
    ('2024-10-23', 'Present', 'Lecture', 'TG-015', NULL, 'TO001', 'ICT1213'),
    ('2024-10-23', 'Present', 'Lecture', 'TG-016', NULL, 'TO001', 'ICT1213'),   

    ('2024-10-24', 'Present', 'Lecture', 'TG-001', NULL, 'TO001', 'ICT1242'),
    ('2024-10-24', 'Present', 'Lecture', 'TG-002', NULL, 'TO001', 'ICT1242'),
    ('2024-10-24', 'Present', 'Lecture', 'TG-003', NULL, 'TO001', 'ICT1242'),
    ('2024-10-24', 'Present', 'Lecture', 'TG-004', NULL, 'TO001', 'ICT1242'),
    ('2024-10-24', 'Absent', 'Lecture', 'TG-009', NULL, 'TO001', 'ICT1242'),
    ('2024-10-24', 'Present', 'Lecture', 'TG-014', NULL, 'TO001', 'ICT1242'),
    ('2024-10-24', 'Present', 'Lecture', 'TG-015', NULL, 'TO001', 'ICT1242'),
    ('2024-10-24', 'Present', 'Lecture', 'TG-016', NULL, 'TO001', 'ICT1242'),
    ('2024-10-24', 'Present', 'Lecture', 'TG-001', NULL, 'TO001', 'ICT1253'),
    ('2024-10-24', 'Present', 'Lecture', 'TG-002', NULL, 'TO001', 'ICT1253'),
    ('2024-10-24', 'Absent', 'Lecture', 'TG-003', NULL, 'TO001', 'ICT1253'),
    ('2024-10-24', 'Present', 'Lecture', 'TG-004', NULL, 'TO001', 'ICT1253'),
    ('2024-10-24', 'Absent', 'Lecture', 'TG-009', NULL, 'TO001', 'ICT1253'),
    ('2024-10-24', 'Present', 'Lecture', 'TG-014', NULL, 'TO001', 'ICT1253'),
    ('2024-10-24', 'Present', 'Lecture', 'TG-015', NULL, 'TO001', 'ICT1253'),
    ('2024-10-24', 'Present', 'Lecture', 'TG-016', NULL, 'TO001', 'ICT1253'),

    ('2024-10-25', 'Present', 'Lecture', 'TG-001', NULL, 'TO001', 'ENG1212'),
    ('2024-10-25', 'Present', 'Lecture', 'TG-002', NULL, 'TO001', 'ENG1212'),
    ('2024-10-25', 'Absent', 'Lecture', 'TG-003', NULL, 'TO001', 'ENG1212'),
    ('2024-10-25', 'Present', 'Lecture', 'TG-004', NULL, 'TO001', 'ENG1212'),
    ('2024-10-25', 'Present', 'Lecture', 'TG-009', NULL, 'TO001', 'ENG1212'),
    ('2024-10-25', 'Present', 'Lecture', 'TG-014', NULL, 'TO001', 'ENG1212'),
    ('2024-10-25', 'Present', 'Lecture', 'TG-015', NULL, 'TO001', 'ENG1212'),
    ('2024-10-25', 'Present', 'Lecture', 'TG-016', NULL, 'TO001', 'ENG1212'),
    ('2024-10-25', 'Present', 'Lecture', 'TG-001', NULL, 'TO001', 'TCS1212'),
    ('2024-10-25', 'Present', 'Lecture', 'TG-002', NULL, 'TO001', 'TCS1212'),
    ('2024-10-25', 'Absent', 'Lecture', 'TG-003', NULL, 'TO001', 'TCS1212'),
    ('2024-10-25', 'Present', 'Lecture', 'TG-004', NULL, 'TO001', 'TCS1212'),
    ('2024-10-25', 'Present', 'Lecture', 'TG-009', NULL, 'TO001', 'TCS1212'), 
    ('2024-10-25', 'Present', 'Lecture', 'TG-014', NULL, 'TO001', 'TCS1212'),
    ('2024-10-25', 'Present', 'Lecture', 'TG-015', NULL, 'TO001', 'TCS1212'),
    ('2024-10-25', 'Present', 'Lecture', 'TG-016', NULL, 'TO001', 'TCS1212'),
 
    ('2024-10-28', 'Present', 'Lecture', 'TG-001', NULL, 'TO001', 'ICT1233'),
    ('2024-10-28', 'Present', 'Lecture', 'TG-002', NULL, 'TO001', 'ICT1233'),
    ('2024-10-28', 'Absent', 'Lecture', 'TG-003', NULL, 'TO001', 'ICT1233'),
    ('2024-10-28', 'Absent', 'Lecture', 'TG-004', NULL, 'TO001', 'ICT1233'),
    ('2024-10-28', 'Present', 'Lecture', 'TG-009', NULL, 'TO001', 'ICT1233'),
    ('2024-10-28', 'Present', 'Lecture', 'TG-014', NULL, 'TO001', 'ICT1233'),
    ('2024-10-28', 'Present', 'Lecture', 'TG-015', NULL, 'TO001', 'ICT1233'),
    ('2024-10-28', 'Present', 'Lecture', 'TG-016', NULL, 'TO001', 'ICT1233'),

    ('2024-10-29', 'Present', 'Lecture', 'TG-001', NULL, 'TO001', 'ICT1212'),
    ('2024-10-29', 'Present', 'Lecture', 'TG-002', NULL, 'TO001', 'ICT1212'),
    ('2024-10-29', 'Absent', 'Lecture', 'TG-003', NULL, 'TO001', 'ICT1212'),
    ('2024-10-29', 'Present', 'Lecture', 'TG-004', NULL, 'TO001', 'ICT1212'),
    ('2024-10-29', 'Present', 'Lecture', 'TG-009', NULL, 'TO001', 'ICT1212'),
    ('2024-10-29', 'Present', 'Lecture', 'TG-014', NULL, 'TO001', 'ICT1212'),
    ('2024-10-29', 'Present', 'Lecture', 'TG-015', NULL, 'TO001', 'ICT1212'),
    ('2024-10-29', 'Present', 'Lecture', 'TG-016', NULL, 'TO001', 'ICT1212'),
    ('2024-10-29', 'Present', 'Practical', 'TG-001', NULL, 'TO001', 'ICT1222'),
    ('2024-10-29', 'Present', 'Practical', 'TG-002', NULL, 'TO001', 'ICT1222'),
    ('2024-10-29', 'Absent', 'Practical', 'TG-003', NULL, 'TO001', 'ICT1222'),
    ('2024-10-29', 'Present', 'Practical', 'TG-004', NULL, 'TO001', 'ICT1222'),    
    ('2024-10-29', 'Present', 'Practical', 'TG-009', NULL, 'TO001', 'ICT1222'),
    ('2024-10-29', 'Present', 'Practical', 'TG-014', NULL, 'TO001', 'ICT1222'),
    ('2024-10-29', 'Present', 'Practical', 'TG-015', NULL, 'TO001', 'ICT1222'),
    ('2024-10-29', 'Present', 'Practical', 'TG-016', NULL, 'TO001', 'ICT1222'),

    ('2024-10-30', 'Present', 'Lecture', 'TG-001', NULL, 'TO001', 'ICT1213'),
    ('2024-10-30', 'Present', 'Lecture', 'TG-002', NULL, 'TO001', 'ICT1213'),
    ('2024-10-30', 'Absent', 'Lecture', 'TG-003', NULL, 'TO001', 'ICT1213'),
    ('2024-10-30', 'Present', 'Lecture', 'TG-004', NULL, 'TO001', 'ICT1213'),
    ('2024-10-30', 'Present', 'Lecture', 'TG-009', NULL, 'TO001', 'ICT1213'),
    ('2024-10-30', 'Present', 'Lecture', 'TG-014', NULL, 'TO001', 'ICT1213'),
    ('2024-10-30', 'Present', 'Lecture', 'TG-015', NULL, 'TO001', 'ICT1213'),
    ('2024-10-30', 'Present', 'Lecture', 'TG-016', NULL, 'TO001', 'ICT1213'),

    ('2024-10-31', 'Present', 'Lecture', 'TG-001', NULL, 'TO001', 'ICT1242'),
    ('2024-10-31', 'Present', 'Lecture', 'TG-002', NULL, 'TO001', 'ICT1242'),
    ('2024-10-31', 'Absent', 'Lecture', 'TG-003', NULL, 'TO001', 'ICT1242'),
    ('2024-10-31', 'Present', 'Lecture', 'TG-004', NULL, 'TO001', 'ICT1242'),
    ('2024-10-31', 'Present', 'Lecture', 'TG-009', NULL, 'TO001', 'ICT1242'),
    ('2024-10-31', 'Present', 'Lecture', 'TG-014', NULL, 'TO001', 'ICT1242'),
    ('2024-10-31', 'Present', 'Lecture', 'TG-015', NULL, 'TO001', 'ICT1242'),
    ('2024-10-31', 'Absent', 'Lecture', 'TG-016', NULL, 'TO001', 'ICT1242'),
    ('2024-10-31', 'Present', 'Lecture', 'TG-001', NULL, 'TO001', 'ICT1253'),
    ('2024-10-31', 'Present', 'Lecture', 'TG-002', NULL, 'TO001', 'ICT1253'),
    ('2024-10-31', 'Present', 'Lecture', 'TG-003', NULL, 'TO001', 'ICT1253'),
    ('2024-10-31', 'Present', 'Lecture', 'TG-004', NULL, 'TO001', 'ICT1253'),
    ('2024-10-31', 'Present', 'Lecture', 'TG-009', NULL, 'TO001', 'ICT1253'),
    ('2024-10-31', 'Absent', 'Lecture', 'TG-014', NULL, 'TO001', 'ICT1253'),
    ('2024-10-31', 'Present', 'Lecture', 'TG-015', NULL, 'TO001', 'ICT1253'),
    ('2024-10-31', 'Present', 'Lecture', 'TG-016', NULL, 'TO001', 'ICT1253'),

    ('2024-11-01', 'Present', 'Lecture', 'TG-001', NULL, 'TO001', 'ENG1212'),
    ('2024-11-01', 'Absent', 'Lecture', 'TG-002', NULL, 'TO001', 'ENG1212'),
    ('2024-11-01', 'Present', 'Lecture', 'TG-003', NULL, 'TO001', 'ENG1212'),
    ('2024-11-01', 'Present', 'Lecture', 'TG-004', NULL, 'TO001', 'ENG1212'),
    ('2024-11-01', 'Present', 'Lecture', 'TG-009', NULL, 'TO001', 'ENG1212'),
    ('2024-11-01', 'Present', 'Lecture', 'TG-014', NULL, 'TO001', 'ENG1212'),
    ('2024-11-01', 'Present', 'Lecture', 'TG-015', NULL, 'TO001', 'ENG1212'),
    ('2024-11-01', 'Present', 'Lecture', 'TG-016', NULL, 'TO001', 'ENG1212'),
    ('2024-11-01', 'Present', 'Lecture', 'TG-001', NULL, 'TO001', 'TCS1212'),
    ('2024-11-01', 'Present', 'Lecture', 'TG-002', NULL, 'TO001', 'TCS1212'),
    ('2024-11-01', 'Present', 'Lecture', 'TG-003', NULL, 'TO001', 'TCS1212'),
    ('2024-11-01', 'Present', 'Lecture', 'TG-004', NULL, 'TO001', 'TCS1212'),
    ('2024-11-01', 'Present', 'Lecture', 'TG-009', NULL, 'TO001', 'TCS1212'),
    ('2024-11-01', 'Present', 'Lecture', 'TG-014', NULL, 'TO001', 'TCS1212'),
    ('2024-11-01', 'Present', 'Lecture', 'TG-015', NULL, 'TO001', 'TCS1212'),
    ('2024-11-01', 'Present', 'Lecture', 'TG-016', NULL, 'TO001', 'TCS1212'),

    ('2024-11-04', 'Present', 'Lecture', 'TG-001', NULL, 'TO001', 'ICT1233'),
    ('2024-11-04', 'Present', 'Lecture', 'TG-002', NULL, 'TO001', 'ICT1233'),
    ('2024-11-04', 'Absent', 'Lecture', 'TG-003', NULL, 'TO001', 'ICT1233'),
    ('2024-11-04', 'Present', 'Lecture', 'TG-004', NULL, 'TO001', 'ICT1233'),
    ('2024-11-04', 'Present', 'Lecture', 'TG-009', NULL, 'TO001', 'ICT1233'),
    ('2024-11-04', 'Present', 'Lecture', 'TG-014', NULL, 'TO001', 'ICT1233'),
    ('2024-11-04', 'Present', 'Lecture', 'TG-015', NULL, 'TO001', 'ICT1233'),
    ('2024-11-04', 'Present', 'Lecture', 'TG-016', NULL, 'TO001', 'ICT1233'),

    ('2024-11-05', 'Absent', 'Lecture', 'TG-001', NULL, 'TO001', 'ICT1212'),
    ('2024-11-05', 'Present', 'Lecture', 'TG-002', NULL, 'TO001', 'ICT1212'),
    ('2024-11-05', 'Present', 'Lecture', 'TG-003', NULL, 'TO001', 'ICT1212'),
    ('2024-11-05', 'Absent', 'Lecture', 'TG-004', NULL, 'TO001', 'ICT1212'),
    ('2024-11-05', 'Present', 'Lecture', 'TG-009', NULL, 'TO001', 'ICT1212'),
    ('2024-11-05', 'Present', 'Lecture', 'TG-014', NULL, 'TO001', 'ICT1212'),
    ('2024-11-05', 'Present', 'Lecture', 'TG-015', NULL, 'TO001', 'ICT1212'),
    ('2024-11-05', 'Present', 'Lecture', 'TG-016', NULL, 'TO001', 'ICT1212'),
    ('2024-11-05', 'Absent', 'Practical', 'TG-001', NULL, 'TO001', 'ICT1222'),
    ('2024-11-05', 'Present', 'Practical', 'TG-002', NULL, 'TO001', 'ICT1222'),
    ('2024-11-05', 'Present', 'Practical', 'TG-003', NULL, 'TO001', 'ICT1222'),
    ('2024-11-05', 'Absent', 'Practical', 'TG-004', NULL, 'TO001', 'ICT1222'),   
    ('2024-11-05', 'Present', 'Practical', 'TG-009', NULL, 'TO001', 'ICT1222'),  
    ('2024-11-05', 'Present', 'Practical', 'TG-014', NULL, 'TO001', 'ICT1222'),
    ('2024-11-05', 'Present', 'Practical', 'TG-015', NULL, 'TO001', 'ICT1222'),
    ('2024-11-05', 'Present', 'Practical', 'TG-016', NULL, 'TO001', 'ICT1222'),

    ('2024-11-06', 'Absent', 'Lecture', 'TG-001', NULL, 'TO001', 'ICT1213'),
    ('2024-11-06', 'Present', 'Lecture', 'TG-002', NULL, 'TO001', 'ICT1213'),
    ('2024-11-06', 'Present', 'Lecture', 'TG-003', NULL, 'TO001', 'ICT1213'),
    ('2024-11-06', 'Present', 'Lecture', 'TG-004', NULL, 'TO001', 'ICT1213'),
    ('2024-11-06', 'Absent', 'Lecture', 'TG-009', NULL, 'TO001', 'ICT1213'),
    ('2024-11-06', 'Present', 'Lecture', 'TG-014', NULL, 'TO001', 'ICT1213'),
    ('2024-11-06', 'Present', 'Lecture', 'TG-015', NULL, 'TO001', 'ICT1213'),
    ('2024-11-06', 'Present', 'Lecture', 'TG-016', NULL, 'TO001', 'ICT1213'), 

    ('2024-11-07', 'Present', 'Lecture', 'TG-001', NULL, 'TO001', 'ICT1242'),
    ('2024-11-07', 'Present', 'Lecture', 'TG-002', NULL, 'TO001', 'ICT1242'),
    ('2024-11-07', 'Present', 'Lecture', 'TG-003', NULL, 'TO001', 'ICT1242'),
    ('2024-11-07', 'Present', 'Lecture', 'TG-004', NULL, 'TO001', 'ICT1242'),
    ('2024-11-07', 'Present', 'Lecture', 'TG-009', NULL, 'TO001', 'ICT1242'),
    ('2024-11-07', 'Absent', 'Lecture', 'TG-014', NULL, 'TO001', 'ICT1242'),
    ('2024-11-07', 'Present', 'Lecture', 'TG-015', NULL, 'TO001', 'ICT1242'),
    ('2024-11-07', 'Present', 'Lecture', 'TG-016', NULL, 'TO001', 'ICT1242'),
    ('2024-11-07', 'Present', 'Lecture', 'TG-001', NULL, 'TO001', 'ICT1253'),
    ('2024-11-07', 'Present', 'Lecture', 'TG-002', NULL, 'TO001', 'ICT1253'),
    ('2024-11-07', 'Present', 'Lecture', 'TG-003', NULL, 'TO001', 'ICT1253'),
    ('2024-11-07', 'Present', 'Lecture', 'TG-004', NULL, 'TO001', 'ICT1253'),
    ('2024-11-07', 'Present', 'Lecture', 'TG-009', NULL, 'TO001', 'ICT1253'),
    ('2024-11-07', 'Absent', 'Lecture', 'TG-014', NULL, 'TO001', 'ICT1253'),
    ('2024-11-07', 'Present', 'Lecture', 'TG-015', NULL, 'TO001', 'ICT1253'),
    ('2024-11-07', 'Present', 'Lecture', 'TG-016', NULL, 'TO001', 'ICT1253'),

    ('2024-11-08', 'Present', 'Lecture', 'TG-001', NULL, 'TO001', 'ENG1212'),
    ('2024-11-08', 'Absent', 'Lecture', 'TG-002', NULL, 'TO001', 'ENG1212'),
    ('2024-11-08', 'Absent', 'Lecture', 'TG-003', NULL, 'TO001', 'ENG1212'),
    ('2024-11-08', 'Present', 'Lecture', 'TG-004', NULL, 'TO001', 'ENG1212'),
    ('2024-11-08', 'Present', 'Lecture', 'TG-009', NULL, 'TO001', 'ENG1212'), 
    ('2024-11-08', 'Present', 'Lecture', 'TG-014', NULL, 'TO001', 'ENG1212'),
    ('2024-11-08', 'Present', 'Lecture', 'TG-015', NULL, 'TO001', 'ENG1212'),
    ('2024-11-08', 'Present', 'Lecture', 'TG-016', NULL, 'TO001', 'ENG1212'),
    ('2024-11-08', 'Present', 'Lecture', 'TG-001', NULL, 'TO001', 'TCS1212'),
    ('2024-11-08', 'Present', 'Lecture', 'TG-002', NULL, 'TO001', 'TCS1212'),
    ('2024-11-08', 'Present', 'Lecture', 'TG-003', NULL, 'TO001', 'TCS1212'),
    ('2024-11-08', 'Present', 'Lecture', 'TG-004', NULL, 'TO001', 'TCS1212'),
    ('2024-11-08', 'Present', 'Lecture', 'TG-009', NULL, 'TO001', 'TCS1212'),
    ('2024-11-08', 'Present', 'Lecture', 'TG-014', NULL, 'TO001', 'TCS1212'),
    ('2024-11-08', 'Present', 'Lecture', 'TG-015', NULL, 'TO001', 'TCS1212'),
    ('2024-11-08', 'Present', 'Lecture', 'TG-016', NULL, 'TO001', 'TCS1212'),

    ('2024-11-11', 'Present', 'Lecture', 'TG-001', NULL, 'TO001', 'ICT1233'),
    ('2024-11-11', 'Present', 'Lecture', 'TG-002', NULL, 'TO001', 'ICT1233'),
    ('2024-11-11', 'Present', 'Lecture', 'TG-003', NULL, 'TO001', 'ICT1233'),
    ('2024-11-11', 'Present', 'Lecture', 'TG-004', NULL, 'TO001', 'ICT1233'),
    ('2024-11-11', 'Present', 'Lecture', 'TG-009', NULL, 'TO001', 'ICT1233'),
    ('2024-11-11', 'Present', 'Lecture', 'TG-014', NULL, 'TO001', 'ICT1233'),
    ('2024-11-11', 'Present', 'Lecture', 'TG-015', NULL, 'TO001', 'ICT1233'),
    ('2024-11-11', 'Present', 'Lecture', 'TG-016', NULL, 'TO001', 'ICT1233'),

    ('2024-11-12', 'Present', 'Lecture', 'TG-001', NULL, 'TO001', 'ICT1212'),
    ('2024-11-12', 'Present', 'Lecture', 'TG-002', NULL, 'TO001', 'ICT1212'),
    ('2024-11-12', 'Present', 'Lecture', 'TG-003', NULL, 'TO001', 'ICT1212'),
    ('2024-11-12', 'Absent', 'Lecture', 'TG-004', NULL, 'TO001', 'ICT1212'),
    ('2024-11-12', 'Present', 'Lecture', 'TG-009', NULL, 'TO001', 'ICT1212'),
    ('2024-11-12', 'Present', 'Lecture', 'TG-014', NULL, 'TO001', 'ICT1212'),
    ('2024-11-12', 'Present', 'Lecture', 'TG-015', NULL, 'TO001', 'ICT1212'),
    ('2024-11-12', 'Present', 'Lecture', 'TG-016', NULL, 'TO001', 'ICT1212'),
    ('2024-11-12', 'Present', 'Practical', 'TG-001', NULL, 'TO001', 'ICT1222'),
    ('2024-11-12', 'Present', 'Practical', 'TG-002', NULL, 'TO001', 'ICT1222'),
    ('2024-11-12', 'Present', 'Practical', 'TG-003', NULL, 'TO001', 'ICT1222'),
    ('2024-11-12', 'Absent', 'Practical', 'TG-004', NULL, 'TO001', 'ICT1222'),   
    ('2024-11-12', 'Present', 'Practical', 'TG-009', NULL, 'TO001', 'ICT1222'),  
    ('2024-11-12', 'Present', 'Practical', 'TG-014', NULL, 'TO001', 'ICT1222'),
    ('2024-11-12', 'Present', 'Practical', 'TG-015', NULL, 'TO001', 'ICT1222'),
    ('2024-11-12', 'Present', 'Practical', 'TG-016', NULL, 'TO001', 'ICT1222'),

    ('2024-11-13', 'Present', 'Lecture', 'TG-001', NULL, 'TO001', 'ICT1213'),
    ('2024-11-13', 'Present', 'Lecture', 'TG-002', NULL, 'TO001', 'ICT1213'),
    ('2024-11-13', 'Present', 'Lecture', 'TG-003', NULL, 'TO001', 'ICT1213'),
    ('2024-11-13', 'Present', 'Lecture', 'TG-004', NULL, 'TO001', 'ICT1213'),
    ('2024-11-13', 'Present', 'Lecture', 'TG-009', NULL, 'TO001', 'ICT1213'),
    ('2024-11-13', 'Present', 'Lecture', 'TG-014', NULL, 'TO001', 'ICT1213'),
    ('2024-11-13', 'Present', 'Lecture', 'TG-015', NULL, 'TO001', 'ICT1213'),
    ('2024-11-13', 'Present', 'Lecture', 'TG-016', NULL, 'TO001', 'ICT1213'),

    ('2024-11-14', 'Present', 'Lecture', 'TG-001', NULL, 'TO001', 'ICT1242'),
    ('2024-11-14', 'Present', 'Lecture', 'TG-002', NULL, 'TO001', 'ICT1242'),
    ('2024-11-14', 'Present', 'Lecture', 'TG-003', NULL, 'TO001', 'ICT1242'),
    ('2024-11-14', 'Present', 'Lecture', 'TG-004', NULL, 'TO001', 'ICT1242'),
    ('2024-11-14', 'Present', 'Lecture', 'TG-009', NULL, 'TO001', 'ICT1242'),
    ('2024-11-14', 'Present', 'Lecture', 'TG-014', NULL, 'TO001', 'ICT1242'),
    ('2024-11-14', 'Present', 'Lecture', 'TG-015', NULL, 'TO001', 'ICT1242'),
    ('2024-11-14', 'Present', 'Lecture', 'TG-016', NULL, 'TO001', 'ICT1242'),
    ('2024-11-14', 'Present', 'Lecture', 'TG-001', NULL, 'TO001', 'ICT1253'),
    ('2024-11-14', 'Present', 'Lecture', 'TG-002', NULL, 'TO001', 'ICT1253'),
    ('2024-11-14', 'Present', 'Lecture', 'TG-003', NULL, 'TO001', 'ICT1253'),
    ('2024-11-14', 'Present', 'Lecture', 'TG-004', NULL, 'TO001', 'ICT1253'),
    ('2024-11-14', 'Present', 'Lecture', 'TG-009', NULL, 'TO001', 'ICT1253'),
    ('2024-11-14', 'Present', 'Lecture', 'TG-014', NULL, 'TO001', 'ICT1253'),
    ('2024-11-14', 'Present', 'Lecture', 'TG-015', NULL, 'TO001', 'ICT1253'),
    ('2024-11-14', 'Present', 'Lecture', 'TG-016', NULL, 'TO001', 'ICT1253'),

    ('2024-11-15', 'Present', 'Lecture', 'TG-001', NULL, 'TO001', 'ENG1212'),
    ('2024-11-15', 'Present', 'Lecture', 'TG-002', NULL, 'TO001', 'ENG1212'),
    ('2024-11-15', 'Absent', 'Lecture', 'TG-003', NULL, 'TO001', 'ENG1212'),
    ('2024-11-15', 'Present', 'Lecture', 'TG-004', NULL, 'TO001', 'ENG1212'),
    ('2024-11-15', 'Present', 'Lecture', 'TG-009', NULL, 'TO001', 'ENG1212'),
    ('2024-11-15', 'Present', 'Lecture', 'TG-014', NULL, 'TO001', 'ENG1212'),
    ('2024-11-15', 'Present', 'Lecture', 'TG-015', NULL, 'TO001', 'ENG1212'),
    ('2024-11-15', 'Present', 'Lecture', 'TG-016', NULL, 'TO001', 'ENG1212'),
    ('2024-11-15', 'Absent', 'Lecture', 'TG-001', NULL, 'TO001', 'TCS1212'),
    ('2024-11-15', 'Present', 'Lecture', 'TG-002', NULL, 'TO001', 'TCS1212'),
    ('2024-11-15', 'Present', 'Lecture', 'TG-003', NULL, 'TO001', 'TCS1212'),
    ('2024-11-15', 'Present', 'Lecture', 'TG-004', NULL, 'TO001', 'TCS1212'),
    ('2024-11-15', 'Present', 'Lecture', 'TG-009', NULL, 'TO001', 'TCS1212'),
    ('2024-11-15', 'Present', 'Lecture', 'TG-014', NULL, 'TO001', 'TCS1212'),
    ('2024-11-15', 'Absent', 'Lecture', 'TG-015', NULL, 'TO001', 'TCS1212'),
    ('2024-11-15', 'Present', 'Lecture', 'TG-016', NULL, 'TO001', 'TCS1212'),

    ('2024-11-18', 'Present', 'Lecture', 'TG-001', NULL, 'TO001', 'ICT1233'),
    ('2024-11-18', 'Absent', 'Lecture', 'TG-002', NULL, 'TO001', 'ICT1233'),
    ('2024-11-18', 'Present', 'Lecture', 'TG-003', NULL, 'TO001', 'ICT1233'),
    ('2024-11-18', 'Absent', 'Lecture', 'TG-004', NULL, 'TO001', 'ICT1233'),
    ('2024-11-18', 'Present', 'Lecture', 'TG-009', NULL, 'TO001', 'ICT1233'),
    ('2024-11-18', 'Present', 'Lecture', 'TG-014', NULL, 'TO001', 'ICT1233'),
    ('2024-11-18', 'Absent', 'Lecture', 'TG-015', NULL, 'TO001', 'ICT1233'),
    ('2024-11-18', 'Absent', 'Lecture', 'TG-016', NULL, 'TO001', 'ICT1233');

INSERT INTO Lecture_student VALUES
    ('LC01','TG-001'), 
    ('LC02','TG-001'), 
    ('LC03','TG-001'), 
    ('LC04','TG-001'), 
    ('LC05','TG-001'), 
    ('LC07','TG-001'), 
    ('LC09','TG-001'), 

    ('LC01','TG-002'), 
    ('LC02','TG-002'), 
    ('LC03','TG-002'), 
    ('LC04','TG-002'), 
    ('LC05','TG-002'), 
    ('LC07','TG-002'), 
    ('LC09','TG-002'),

    ('LC01','TG-003'), 
    ('LC02','TG-003'), 
    ('LC03','TG-003'), 
    ('LC04','TG-003'), 
    ('LC05','TG-003'), 
    ('LC07','TG-003'), 
    ('LC09','TG-003'),

    ('LC01','TG-004'), 
    ('LC02','TG-004'), 
    ('LC03','TG-004'), 
    ('LC04','TG-004'), 
    ('LC05','TG-004'), 
    ('LC07','TG-004'), 
    ('LC09','TG-004'),

    ('LC06','TG-005'),
    ('LC08','TG-005'),
    ('LC09','TG-005'),

    ('LC10','TG-006'), 
    ('LC07','TG-006'),
    ('LC09','TG-006'),

    ('LC10','TG-007'), 
    ('LC07','TG-007'),
    ('LC09','TG-007'),

    ('LC01','TG-008'), 
    ('LC02','TG-008'), 
    ('LC03','TG-008'), 
    ('LC04','TG-008'), 
    ('LC05','TG-008'), 
    ('LC07','TG-008'), 
    ('LC09','TG-008'),

    ('LC01','TG-009'), 
    ('LC02','TG-009'), 
    ('LC03','TG-009'), 
    ('LC04','TG-009'), 
    ('LC05','TG-009'), 
    ('LC07','TG-009'), 
    ('LC09','TG-009'),

    ('LC01','TG-010'), 
    ('LC02','TG-010'), 
    ('LC03','TG-010'), 
    ('LC04','TG-010'), 
    ('LC05','TG-010'), 
    ('LC07','TG-010'), 
    ('LC09','TG-010'),
 
    ('LC10','TG-011'), 
    ('LC07','TG-011'),
    ('LC09','TG-011'),

    ('LC10','TG-012'), 
    ('LC07','TG-012'),
    ('LC09','TG-012'),
 
    ('LC10','TG-013'), 
    ('LC07','TG-013'),
    ('LC09','TG-013'),

    ('LC01','TG-014'), 
    ('LC02','TG-014'), 
    ('LC03','TG-014'), 
    ('LC04','TG-014'), 
    ('LC05','TG-014'), 
    ('LC07','TG-014'), 
    ('LC09','TG-014'),

    ('LC01','TG-015'), 
    ('LC02','TG-015'), 
    ('LC03','TG-015'), 
    ('LC04','TG-015'), 
    ('LC05','TG-015'), 
    ('LC07','TG-015'), 
    ('LC09','TG-015'),

    ('LC01','TG-016'), 
    ('LC02','TG-016'), 
    ('LC03','TG-016'), 
    ('LC04','TG-016'), 
    ('LC05','TG-016'), 
    ('LC07','TG-016'), 
    ('LC09','TG-016'),

    ('LC06','TG-017'),
    ('LC08','TG-017'),
    ('LC09','TG-017'),

    ('LC06','TG-018'),
    ('LC08','TG-018'),
    ('LC09','TG-018'),

    ('LC06','TG-019'),
    ('LC08','TG-019'),
    ('LC09','TG-019'),

    ('LC06','TG-020'),
    ('LC08','TG-020'),
    ('LC09','TG-020');

INSERT INTO Notice VALUES
    ('N001','Faculty meeting on August 15th at 3:00 PM.','2024-08-10','LC01'),
    ('N002','Class Cancellation on August 19th due to holiday','2024-08-15','LC05'),
    ('N003','Library closure on September 20th for maintenance','2024-08-16','LC05'),
    ('N004','Upcoming Midterm Exam Schedule', '2024-10-12','LC09'),                
    ('N005','Guest Lecture on November 2st in the auditorium','2024-10-29','LC02'),
    ('N006','Final exam schedule for the current semester','2024-11-11','LC03'),
    ('N007','Graduation ceremony details for this year','2024-11-1','LC01');


INSERT INTO Student_notice VALUES
    ('TG-001','N001'), 
    ('TG-001','N002'), 
    ('TG-001','N003'), 
    ('TG-001','N004'), 
    ('TG-001','N005'), 
    ('TG-001','N006'), 
    ('TG-001','N007'), 

    ('TG-002','N001'), 
    ('TG-002','N002'), 
    ('TG-002','N003'), 
    ('TG-002','N004'), 
    ('TG-002','N005'), 
    ('TG-002','N006'), 
    ('TG-002','N007'),

    ('TG-003','N001'), 
    ('TG-003','N002'), 
    ('TG-003','N003'), 
    ('TG-003','N004'), 
    ('TG-003','N005'), 
    ('TG-003','N006'), 
    ('TG-003','N007'),

    ('TG-004','N001'), 
    ('TG-004','N002'), 
    ('TG-004','N003'), 
    ('TG-004','N004'), 
    ('TG-004','N005'), 
    ('TG-004','N006'), 
    ('TG-004','N007'),

    ('TG-005','N001'), 
    ('TG-005','N002'), 
    ('TG-005','N003'), 
    ('TG-005','N004'), 
    ('TG-005','N005'), 
    ('TG-005','N006'), 
    ('TG-005','N007'),

    ('TG-006','N001'), 
    ('TG-006','N002'), 
    ('TG-006','N003'), 
    ('TG-006','N004'), 
    ('TG-006','N005'), 
    ('TG-006','N006'), 
    ('TG-006','N007'),

    ('TG-007','N001'), 
    ('TG-007','N002'), 
    ('TG-007','N003'), 
    ('TG-007','N004'), 
    ('TG-007','N005'), 
    ('TG-007','N006'), 
    ('TG-007','N007'),

    ('TG-008','N001'), 
    ('TG-008','N002'), 
    ('TG-008','N003'), 
    ('TG-008','N004'), 
    ('TG-008','N005'), 
    ('TG-008','N006'), 
    ('TG-008','N007'),

    ('TG-009','N001'), 
    ('TG-009','N002'), 
    ('TG-009','N003'), 
    ('TG-009','N004'), 
    ('TG-009','N005'), 
    ('TG-009','N006'), 
    ('TG-009','N007'),

    ('TG-010','N001'), 
    ('TG-010','N002'), 
    ('TG-010','N003'), 
    ('TG-010','N004'), 
    ('TG-010','N005'), 
    ('TG-010','N006'), 
    ('TG-010','N007'),

    ('TG-011','N001'), 
    ('TG-011','N002'), 
    ('TG-011','N003'), 
    ('TG-011','N004'), 
    ('TG-011','N005'), 
    ('TG-011','N006'), 
    ('TG-011','N007'),

    ('TG-012','N001'), 
    ('TG-012','N002'), 
    ('TG-012','N003'), 
    ('TG-012','N004'), 
    ('TG-012','N005'), 
    ('TG-012','N006'), 
    ('TG-012','N007'),

    ('TG-013','N001'), 
    ('TG-013','N002'), 
    ('TG-013','N003'), 
    ('TG-013','N004'), 
    ('TG-013','N005'), 
    ('TG-013','N006'), 
    ('TG-013','N007'),

    ('TG-014','N001'), 
    ('TG-014','N002'), 
    ('TG-014','N003'), 
    ('TG-014','N004'), 
    ('TG-014','N005'), 
    ('TG-014','N006'), 
    ('TG-014','N007'),

    ('TG-015','N001'), 
    ('TG-015','N002'), 
    ('TG-015','N003'), 
    ('TG-015','N004'), 
    ('TG-015','N005'), 
    ('TG-015','N006'), 
    ('TG-015','N007'),

    ('TG-016','N001'), 
    ('TG-016','N002'), 
    ('TG-016','N003'), 
    ('TG-016','N004'), 
    ('TG-016','N005'), 
    ('TG-016','N006'), 
    ('TG-016','N007'),

    ('TG-017','N001'), 
    ('TG-017','N002'), 
    ('TG-017','N003'), 
    ('TG-017','N004'), 
    ('TG-017','N005'), 
    ('TG-017','N006'), 
    ('TG-017','N007'),

    ('TG-018','N001'), 
    ('TG-018','N002'), 
    ('TG-018','N003'), 
    ('TG-018','N004'), 
    ('TG-018','N005'), 
    ('TG-018','N006'), 
    ('TG-018','N007'),

    ('TG-019','N001'), 
    ('TG-019','N002'), 
    ('TG-019','N003'), 
    ('TG-019','N004'), 
    ('TG-019','N005'), 
    ('TG-019','N006'), 
    ('TG-019','N007'),

    ('TG-020','N001'), 
    ('TG-020','N002'), 
    ('TG-020','N003'), 
    ('TG-020','N004'), 
    ('TG-020','N005'), 
    ('TG-020','N006'), 
    ('TG-020','N007');